so_number,item_code,dispatch_date,qty_issued,surat_jalan_no,_REKONSILIASI
SO-MG260017,MG-2604-BH0002,2026-07-05,135.0,IMP-2026-SO-MG260017-MG-2604-BH0002,OK - baris IMP-2026 di prod = Excel bersih
SO-MG260016,MG-2604-BH0003,2026-07-05,133.0,IMP-2026-SO-MG260016-MG-2604-BH0003,OK - baris IMP-2026 di prod = Excel bersih
SO-MG260057,MG-2604-BH0004,2026-07-05,110.0,IMP-2026-SO-MG260057-MG-2604-BH0004,OK - baris IMP-2026 di prod = Excel bersih
SO-MG260020,MG-2604-BH0005,2026-07-05,259.0,IMP-2026-SO-MG260020-MG-2604-BH0005,OK - baris IMP-2026 di prod = Excel bersih
SO-MG260021,MG-2604-BH0006,2026-07-05,93.0,IMP-2026-SO-MG260021-MG-2604-BH0006,OK - baris IMP-2026 di prod = Excel bersih
SO-MG260022,MG-2604-BH0007,2026-07-05,60.1,IMP-2026-SO-MG260022-MG-2604-BH0007,OK - baris IMP-2026 di prod = Excel bersih
SO-MG260030,MG-2604-BH0010,2026-07-05,318.0,IMP-2026-SO-MG260030-MG-2604-BH0010,OK - baris IMP-2026 di prod = Excel bersih
SO-MG260027,MG-2604-BH0011,2026-07-05,605.0,IMP-2026-SO-MG260027-MG-2604-BH0011,OK - baris IMP-2026 di prod = Excel bersih
SO-MG260031,MG-2604-BH0012,2026-07-05,176.25,IMP-2026-SO-MG260031-MG-2604-BH0012,OK - baris IMP-2026 di prod = Excel bersih
SO-MG260032,MG-2604-BH0012,2026-07-05,176.25,IMP-2026-SO-MG260032-MG-2604-BH0012,OK - baris IMP-2026 di prod = Excel bersih
SO-MG260033,MG-2604-BH0012,2026-07-05,176.25,IMP-2026-SO-MG260033-MG-2604-BH0012,OK - baris IMP-2026 di prod = Excel bersih
SO-MG260034,MG-2604-BH0012,2026-07-05,176.25,IMP-2026-SO-MG260034-MG-2604-BH0012,OK - baris IMP-2026 di prod = Excel bersih
SO-MG260036,MG-2604-BH0013,2026-07-05,74.0,IMP-2026-SO-MG260036-MG-2604-BH0013,OK - baris IMP-2026 di prod = Excel bersih
SO-MG260037,MG-2604-BH0013,2026-07-05,61.0,IMP-2026-SO-MG260037-MG-2604-BH0013,OK - baris IMP-2026 di prod = Excel bersih
SO-MG260038,MG-2604-BH0013,2026-07-05,78.0,IMP-2026-SO-MG260038-MG-2604-BH0013,OK - baris IMP-2026 di prod = Excel bersih
SO-MG260039,MG-2604-BH0013,2026-07-05,82.5,IMP-2026-SO-MG260039-MG-2604-BH0013,OK - baris IMP-2026 di prod = Excel bersih
SO-MG260040,MG-2604-BH0013,2026-07-05,92.5,IMP-2026-SO-MG260040-MG-2604-BH0013,OK - baris IMP-2026 di prod = Excel bersih
SO-MG260041,MG-2604-BH0013,2026-07-05,72.0,IMP-2026-SO-MG260041-MG-2604-BH0013,OK - baris IMP-2026 di prod = Excel bersih
SO-MG260042,MG-2604-BH0013,2026-07-05,50.0,IMP-2026-SO-MG260042-MG-2604-BH0013,OK - baris IMP-2026 di prod = Excel bersih
SO-MG260043,MG-2604-BH0013,2026-07-05,105.0,IMP-2026-SO-MG260043-MG-2604-BH0013,OK - baris IMP-2026 di prod = Excel bersih
SO-MG260044,MG-2604-BH0013,2026-07-05,64.0,IMP-2026-SO-MG260044-MG-2604-BH0013,OK - baris IMP-2026 di prod = Excel bersih
SO-MG260045,MG-2604-BH0014,2026-07-05,50.0,IMP-2026-SO-MG260045-MG-2604-BH0014,OK - baris IMP-2026 di prod = Excel bersih
SO-MG260048,MG-2604-BH0019,2026-07-05,306.5,IMP-2026-SO-MG260048-MG-2604-BH0019,OK - baris IMP-2026 di prod = Excel bersih
SO-MG260049,MG-2604-BH0019,2026-07-05,306.5,IMP-2026-SO-MG260049-MG-2604-BH0019,OK - baris IMP-2026 di prod = Excel bersih
SO-MG260047,MG-2604-BH0018,2026-07-05,834.0,IMP-2026-SO-MG260047-MG-2604-BH0018,OK - baris IMP-2026 di prod = Excel bersih
SO-MG260046,MG-2604-BH0018,2026-07-05,411.0,IMP-2026-SO-MG260046-MG-2604-BH0018,OK - baris IMP-2026 di prod = Excel bersih
SO-MG260054,MG-2604-BH0020,2026-07-05,127.5,IMP-2026-SO-MG260054-MG-2604-BH0020,OK - baris IMP-2026 di prod = Excel bersih
SO-MG260055,MG-2604-BH0020,2026-07-05,127.5,IMP-2026-SO-MG260055-MG-2604-BH0020,OK - baris IMP-2026 di prod = Excel bersih
SO-MG260053,MG-2604-BH0021,2026-07-05,220.5,IMP-2026-SO-MG260053-MG-2604-BH0021,OK - baris IMP-2026 di prod = Excel bersih
SO-MG260062,MG-2604-BH0008,2026-07-05,133.0,IMP-2026-SO-MG260062-MG-2604-BH0008,OK - baris IMP-2026 di prod = Excel bersih (catatan: 2 baris berbagi surat_jalan_no ini)
SO-MG260062,MG-2604-BH0008,2026-07-05,133.0,IMP-2026-SO-MG260062-MG-2604-BH0008,OK - baris IMP-2026 di prod = Excel bersih (catatan: 2 baris berbagi surat_jalan_no ini)
SO-MG260066,MG-2604-BH0008,2026-07-05,127.0,IMP-2026-SO-MG260066-MG-2604-BH0008,OK - baris IMP-2026 di prod = Excel bersih (catatan: 2 baris berbagi surat_jalan_no ini)
SO-MG260066,MG-2604-BH0008,2026-07-05,133.0,IMP-2026-SO-MG260066-MG-2604-BH0008,OK - baris IMP-2026 di prod = Excel bersih (catatan: 2 baris berbagi surat_jalan_no ini)
SO-MG260063,MG-2604-BH0008,2026-07-05,136.0,IMP-2026-SO-MG260063-MG-2604-BH0008,OK - baris IMP-2026 di prod = Excel bersih (catatan: 2 baris berbagi surat_jalan_no ini)
SO-MG260063,MG-2604-BH0008,2026-07-05,131.0,IMP-2026-SO-MG260063-MG-2604-BH0008,OK - baris IMP-2026 di prod = Excel bersih (catatan: 2 baris berbagi surat_jalan_no ini)
SO-MG260067,MG-2604-BH0008,2026-07-05,134.0,IMP-2026-SO-MG260067-MG-2604-BH0008,OK - baris IMP-2026 di prod = Excel bersih (catatan: 2 baris berbagi surat_jalan_no ini)
SO-MG260067,MG-2604-BH0008,2026-07-05,103.0,IMP-2026-SO-MG260067-MG-2604-BH0008,OK - baris IMP-2026 di prod = Excel bersih (catatan: 2 baris berbagi surat_jalan_no ini)
SO-MG260064,MG-2604-BH0008,2026-07-05,131.0,IMP-2026-SO-MG260064-MG-2604-BH0008,OK - baris IMP-2026 di prod = Excel bersih (catatan: 2 baris berbagi surat_jalan_no ini)
SO-MG260064,MG-2604-BH0008,2026-07-05,132.0,IMP-2026-SO-MG260064-MG-2604-BH0008,OK - baris IMP-2026 di prod = Excel bersih (catatan: 2 baris berbagi surat_jalan_no ini)
SO-MG260068,MG-2604-BH0008,2026-07-05,130.0,IMP-2026-SO-MG260068-MG-2604-BH0008,OK - baris IMP-2026 di prod = Excel bersih (catatan: 2 baris berbagi surat_jalan_no ini)
SO-MG260068,MG-2604-BH0008,2026-07-05,128.0,IMP-2026-SO-MG260068-MG-2604-BH0008,OK - baris IMP-2026 di prod = Excel bersih (catatan: 2 baris berbagi surat_jalan_no ini)
SO-MG260065,MG-2604-BH0008,2026-07-05,136.0,IMP-2026-SO-MG260065-MG-2604-BH0008,OK - baris IMP-2026 di prod = Excel bersih (catatan: 2 baris berbagi surat_jalan_no ini)
SO-MG260065,MG-2604-BH0008,2026-07-05,130.0,IMP-2026-SO-MG260065-MG-2604-BH0008,OK - baris IMP-2026 di prod = Excel bersih (catatan: 2 baris berbagi surat_jalan_no ini)
SO-MG260069,MG-2604-BH0008,2026-07-05,130.0,IMP-2026-SO-MG260069-MG-2604-BH0008,OK - baris IMP-2026 di prod = Excel bersih
SO-MG260036,MG-2604-BH0023,2026-05-11,25.0,IMP-2026-SO-MG260036-MG-2604-BH0023,OK - baris IMP-2026 di prod = Excel bersih
SO-MG260070,MG-2604-BH0016,2026-05-12,190.0,IMP-2026-SO-MG260070-MG-2604-BH0016,OK - baris IMP-2026 di prod = Excel bersih
SO-MG260071,MG-2604-BH0016,2026-05-12,380.0,IMP-2026-SO-MG260071-MG-2604-BH0016,OK - baris IMP-2026 di prod = Excel bersih
SO-MG260072,MG-2604-BH0016,2026-05-12,285.0,IMP-2026-SO-MG260072-MG-2604-BH0016,OK - baris IMP-2026 di prod = Excel bersih
SO-MG260073,MG-2604-BH0016,2026-05-12,190.0,IMP-2026-SO-MG260073-MG-2604-BH0016,OK - baris IMP-2026 di prod = Excel bersih
SO-MG260074,MG-2604-BH0016,2026-05-12,380.0,IMP-2026-SO-MG260074-MG-2604-BH0016,OK - baris IMP-2026 di prod = Excel bersih
SO-MG260075,MG-2604-BH0016,2026-05-12,190.0,IMP-2026-SO-MG260075-MG-2604-BH0016,OK - baris IMP-2026 di prod = Excel bersih
SO-MG260061,MG-2604-BH0017,2026-05-11,1398.58,IMP-2026-SO-MG260061-MG-2604-BH0017,OK - baris IMP-2026 di prod = Excel bersih
SO-MG260088,MG-2604-BH0025,2026-05-14,89.0,IMP-2026-SO-MG260088-MG-2604-BH0025,OK - baris IMP-2026 di prod = Excel bersih
SO-MG260090,MG-2604-BH0027,2026-05-14,98.0,IMP-2026-SO-MG260090-MG-2604-BH0027,OK - baris IMP-2026 di prod = Excel bersih
SO-MG260091,MG-2604-BH0027,2026-05-14,138.0,IMP-2026-SO-MG260091-MG-2604-BH0027,OK - baris IMP-2026 di prod = Excel bersih
SO-MG260088,MG-2604-BH0027,2026-05-14,114.0,IMP-2026-SO-MG260088-MG-2604-BH0027,OK - baris IMP-2026 di prod = Excel bersih
SO-MG260089,MG-2604-BH0027,2026-05-14,115.0,IMP-2026-SO-MG260089-MG-2604-BH0027,OK - baris IMP-2026 di prod = Excel bersih
SO-MG260076,MG-2604-BH0024,2026-05-20,150.0,IMP-2026-SO-MG260076-MG-2604-BH0024,OK - baris IMP-2026 di prod = Excel bersih
SO-MG260077,MG-2604-BH0024,2026-05-20,150.0,IMP-2026-SO-MG260077-MG-2604-BH0024,OK - baris IMP-2026 di prod = Excel bersih
SO-MG260079,MG-2604-BH0024,2026-05-20,150.0,IMP-2026-SO-MG260079-MG-2604-BH0024,OK - baris IMP-2026 di prod = Excel bersih
SO-MG260080,MG-2604-BH0024,2026-05-20,150.0,IMP-2026-SO-MG260080-MG-2604-BH0024,OK - baris IMP-2026 di prod = Excel bersih
SO-MG260081,MG-2604-BH0024,2026-05-20,150.0,IMP-2026-SO-MG260081-MG-2604-BH0024,OK - baris IMP-2026 di prod = Excel bersih
SO-MG260082,MG-2604-BH0024,2026-05-20,150.0,IMP-2026-SO-MG260082-MG-2604-BH0024,OK - baris IMP-2026 di prod = Excel bersih
SO-MG260083,MG-2604-BH0024,2026-05-20,100.0,IMP-2026-SO-MG260083-MG-2604-BH0024,OK - baris IMP-2026 di prod = Excel bersih
SO-MG260092,MG-2604-BH0026,2026-05-20,559.0,IMP-2026-SO-MG260092-MG-2604-BH0026,OK - baris IMP-2026 di prod = Excel bersih
SO-MG260093,MG-2604-BH0026,2026-05-20,559.0,IMP-2026-SO-MG260093-MG-2604-BH0026,OK - baris IMP-2026 di prod = Excel bersih
SO-MG260106,MG-2604-BH0037,2026-05-21,120.0,IMP-2026-SO-MG260106-MG-2604-BH0037,OK - baris IMP-2026 di prod = Excel bersih
SO-MG260107,MG-2604-BH0037,2026-05-21,117.0,IMP-2026-SO-MG260107-MG-2604-BH0037,OK - baris IMP-2026 di prod = Excel bersih
SO-MG260113,MG-2604-BH0030,2026-05-22,100.0,IMP-2026-SO-MG260113-MG-2604-BH0030,OK - baris IMP-2026 di prod = Excel bersih
SO-MG260112,MG-2604-BH0030,2026-05-23,30.0,IMP-2026-SO-MG260112-MG-2604-BH0030,OK - baris IMP-2026 di prod = Excel bersih
SO-MG260115,MG-2604-BH0025,2026-05-23,41.0,IMP-2026-SO-MG260115-MG-2604-BH0025,OK - baris IMP-2026 di prod = Excel bersih
SO-MG260115,MG-2604-BH0030,2026-05-23,100.0,IMP-2026-SO-MG260115-MG-2604-BH0030,OK - baris IMP-2026 di prod = Excel bersih
SO-MG260112,MG-2604-BH0028,2026-05-26,332.0,IMP-2026-SO-MG260112-MG-2604-BH0028,OK - baris IMP-2026 di prod = Excel bersih
SO-MG260113,MG-2604-BH0028,2026-05-26,330.0,IMP-2026-SO-MG260113-MG-2604-BH0028,OK - baris IMP-2026 di prod = Excel bersih
SO-MG260108,MG-2604-BH0042,2026-05-28,79.0,IMP-2026-SO-MG260108-MG-2604-BH0042,OK - baris IMP-2026 di prod = Excel bersih
SO-MG260102,MG-2604-BH0030,2026-05-28,92.0,IMP-2026-SO-MG260102-MG-2604-BH0030,OK - baris IMP-2026 di prod = Excel bersih
SO-MG260102,MG-2604-BH0009,2026-05-25,115.81,IMP-2026-SO-MG260102-MG-2604-BH0009,OK - baris IMP-2026 di prod = Excel bersih
SO-MG260103,MG-2604-BH0009,2026-05-25,107.0,IMP-2026-SO-MG260103-MG-2604-BH0009,OK - baris IMP-2026 di prod = Excel bersih (catatan: 2 baris berbagi surat_jalan_no ini)
SO-MG260105,MG-2604-BH0009,2026-05-25,112.1,IMP-2026-SO-MG260105-MG-2604-BH0009,OK - baris IMP-2026 di prod = Excel bersih (catatan: 2 baris berbagi surat_jalan_no ini)
SO-MG260105,MG-2604-BH0009,2026-05-25,113.85,IMP-2026-SO-MG260105-MG-2604-BH0009,OK - baris IMP-2026 di prod = Excel bersih (catatan: 2 baris berbagi surat_jalan_no ini)
SO-MG260104,MG-2604-BH0009,2026-05-25,111.0,IMP-2026-SO-MG260104-MG-2604-BH0009,OK - baris IMP-2026 di prod = Excel bersih (catatan: 2 baris berbagi surat_jalan_no ini)
SO-MG260104,MG-2604-BH0009,2026-05-25,114.6,IMP-2026-SO-MG260104-MG-2604-BH0009,OK - baris IMP-2026 di prod = Excel bersih (catatan: 2 baris berbagi surat_jalan_no ini)
SO-MG260103,MG-2604-BH0009,2026-05-25,102.58,IMP-2026-SO-MG260103-MG-2604-BH0009,OK - baris IMP-2026 di prod = Excel bersih (catatan: 2 baris berbagi surat_jalan_no ini)
SO-MG260115,MG-2604-BH0028,2026-05-28,199.0,IMP-2026-SO-MG260115-MG-2604-BH0028,OK - baris IMP-2026 di prod = Excel bersih
SO-MG260116,MG-2604-BH0028,2026-05-28,183.6,IMP-2026-SO-MG260116-MG-2604-BH0028,OK - baris IMP-2026 di prod = Excel bersih
SO-MG260117,MG-2604-BH0028,2026-05-28,203.0,IMP-2026-SO-MG260117-MG-2604-BH0028,OK - baris IMP-2026 di prod = Excel bersih
SO-MG260118,MG-2604-BH0028,2026-05-28,182.0,IMP-2026-SO-MG260118-MG-2604-BH0028,OK - baris IMP-2026 di prod = Excel bersih
SO-MG260119,MG-2604-BH0028,2026-05-28,204.0,IMP-2026-SO-MG260119-MG-2604-BH0028,OK - baris IMP-2026 di prod = Excel bersih
SO-MG260028,MG-2604-BH0040,2026-05-30,278.0,IMP-2026-SO-MG260028-MG-2604-BH0040,OK - baris IMP-2026 di prod = Excel bersih
SO-MG260029,MG-2604-BH0034,2026-05-30,312.0,IMP-2026-SO-MG260029-MG-2604-BH0034,OK - baris IMP-2026 di prod = Excel bersih
SO-MG260120,MG-2604-BH0038,2026-05-30,207.0,IMP-2026-SO-MG260120-MG-2604-BH0038,OK - baris IMP-2026 di prod = Excel bersih
SO-MG260121,MG-2604-BH0039,2026-05-30,205.0,IMP-2026-SO-MG260121-MG-2604-BH0039,OK - baris IMP-2026 di prod = Excel bersih
SO-MG260121,MG-2604-BH0030,2026-05-30,52.0,IMP-2026-SO-MG260121-MG-2604-BH0030,OK - baris IMP-2026 di prod = Excel bersih
SO-MG260104,MG-2604-BH0030,2026-05-30,45.0,IMP-2026-SO-MG260104-MG-2604-BH0030,OK - baris IMP-2026 di prod = Excel bersih
SO-MG260135,MG-2604-BH0036,2026-06-03,105.0,IMP-2026-SO-MG260135-MG-2604-BH0036,OK - baris IMP-2026 di prod = Excel bersih
SO-MG260132,MG-2604-BH0036,2026-06-03,113.0,IMP-2026-SO-MG260132-MG-2604-BH0036,OK - baris IMP-2026 di prod = Excel bersih
SO-MG260131,MG-2604-BH0036,2026-06-03,151.0,IMP-2026-SO-MG260131-MG-2604-BH0036,OK - baris IMP-2026 di prod = Excel bersih
SO-MG260134,MG-2604-BH0036,2026-06-03,149.0,IMP-2026-SO-MG260134-MG-2604-BH0036,OK - baris IMP-2026 di prod = Excel bersih
SO-MG260133,MG-2604-BH0036,2026-06-03,144.0,IMP-2026-SO-MG260133-MG-2604-BH0036,OK - baris IMP-2026 di prod = Excel bersih
SO-MG260131,MG-2604-BH0030,2026-06-04,84.0,IMP-2026-SO-MG260131-MG-2604-BH0030,OK - baris IMP-2026 di prod = Excel bersih
SO-MG260131,MG-2604-BH0041,2026-06-04,25.0,IMP-2026-SO-MG260131-MG-2604-BH0041,OK - baris IMP-2026 di prod = Excel bersih
SO-MG260128,MG-2604-BH0033,2026-06-04,100.0,IMP-2026-SO-MG260128-MG-2604-BH0033,OK - baris IMP-2026 di prod = Excel bersih
SO-MG260129,MG-2604-BH0033,2026-06-04,100.0,IMP-2026-SO-MG260129-MG-2604-BH0033,OK - baris IMP-2026 di prod = Excel bersih
SO-MG260130,MG-2604-BH0033,2026-06-04,100.0,IMP-2026-SO-MG260130-MG-2604-BH0033,OK - baris IMP-2026 di prod = Excel bersih
SO-MG260084,MG-2604-BH0024,2026-06-02,100.0,IMP-2026-SO-MG260084-MG-2604-BH0024,OK - baris IMP-2026 di prod = Excel bersih
SO-MG260078,MG-2604-BH0024,2026-06-02,100.0,IMP-2026-SO-MG260078-MG-2604-BH0024,OK - baris IMP-2026 di prod = Excel bersih
SO-MG260085,MG-2604-BH0024,2026-06-02,100.0,IMP-2026-SO-MG260085-MG-2604-BH0024,OK - baris IMP-2026 di prod = Excel bersih
SO-MG260086,MG-2604-BH0024,2026-06-02,100.0,IMP-2026-SO-MG260086-MG-2604-BH0024,OK - baris IMP-2026 di prod = Excel bersih
SO-MG260087,MG-2604-BH0024,2026-06-02,100.0,IMP-2026-SO-MG260087-MG-2604-BH0024,OK - baris IMP-2026 di prod = Excel bersih
SO-MG260136,MG-2604-BH0028,2026-06-05,107.0,IMP-2026-SO-MG260136-MG-2604-BH0028,OK - baris IMP-2026 di prod = Excel bersih
SO-MG260137,MG-2604-BH0028,2026-06-05,104.4,IMP-2026-SO-MG260137-MG-2604-BH0028,OK - baris IMP-2026 di prod = Excel bersih
SO-MG260138,MG-2604-BH0028,2026-06-05,108.1,IMP-2026-SO-MG260138-MG-2604-BH0028,OK - baris IMP-2026 di prod = Excel bersih
SO-MG260140,MG-2604-BH0028,2026-06-05,107.5,IMP-2026-SO-MG260140-MG-2604-BH0028,OK - baris IMP-2026 di prod = Excel bersih
SO-MG260102,MG-2604-BH0050,2026-06-15,124.45,IMP-2026-SO-MG260102-MG-2604-BH0050,OK - baris IMP-2026 di prod = Excel bersih
SO-MG260150,MG-2604-BH0051,2026-06-13,72.0,IMP-2026-SO-MG260150-MG-2604-BH0051,OK - baris IMP-2026 di prod = Excel bersih
SO-MG260151,MG-2604-BH0051,2026-06-13,80.0,IMP-2026-SO-MG260151-MG-2604-BH0051,OK - baris IMP-2026 di prod = Excel bersih
SO-MG260148,MG-2604-BH0052,2026-06-12,96.0,IMP-2026-SO-MG260148-MG-2604-BH0052,OK - baris IMP-2026 di prod = Excel bersih
SO-MG260149,MG-2604-BH0052,2026-06-12,99.0,IMP-2026-SO-MG260149-MG-2604-BH0052,OK - baris IMP-2026 di prod = Excel bersih
SO-MG260148,MG-2604-BH0042,2026-06-12,42.5,IMP-2026-SO-MG260148-MG-2604-BH0042,OK - baris IMP-2026 di prod = Excel bersih
SO-MG260145,MG-2604-BH0034,2026-06-10,205.0,IMP-2026-SO-MG260145-MG-2604-BH0034,OK - baris IMP-2026 di prod = Excel bersih
SO-MG260146,MG-2604-BH0034,2026-06-10,187.0,IMP-2026-SO-MG260146-MG-2604-BH0034,OK - baris IMP-2026 di prod = Excel bersih
SO-MG260147,MG-2604-BH0034,2026-06-10,187.0,IMP-2026-SO-MG260147-MG-2604-BH0034,OK - baris IMP-2026 di prod = Excel bersih
SO-MG260142,MG-2604-BH0041,2026-06-10,88.0,IMP-2026-SO-MG260142-MG-2604-BH0041,OK - baris IMP-2026 di prod = Excel bersih
SO-MG260136,MG-2604-BH0041,2026-06-08,41.0,IMP-2026-SO-MG260136-MG-2604-BH0041,OK - baris IMP-2026 di prod = Excel bersih
SO-MG260142,MG-2604-BH0028,2026-06-08,160.2,IMP-2026-SO-MG260142-MG-2604-BH0028,OK - baris IMP-2026 di prod = Excel bersih
SO-MG260143,MG-2604-BH0028,2026-06-08,154.9,IMP-2026-SO-MG260143-MG-2604-BH0028,OK - baris IMP-2026 di prod = Excel bersih
SO-MG260144,MG-2604-BH0028,2026-06-08,158.7,IMP-2026-SO-MG260144-MG-2604-BH0028,OK - baris IMP-2026 di prod = Excel bersih
SO-MG260108,MG-2604-BH0035,2026-06-08,238.7,IMP-2026-SO-MG260108-MG-2604-BH0035,OK - baris IMP-2026 di prod = Excel bersih
SO-MG260109,MG-2604-BH0035,2026-06-08,226.4,IMP-2026-SO-MG260109-MG-2604-BH0035,OK - baris IMP-2026 di prod = Excel bersih
SO-MG260162,MG-2604-BH0060,2026-06-16,121.0,IMP-2026-SO-MG260162-MG-2604-BH0060,OK - baris IMP-2026 di prod = Excel bersih
SO-MG260163,MG-2604-BH0060,2026-06-16,122.0,IMP-2026-SO-MG260163-MG-2604-BH0060,OK - baris IMP-2026 di prod = Excel bersih
SO-MG260164,MG-2604-BH0060,2026-06-16,125.0,IMP-2026-SO-MG260164-MG-2604-BH0060,OK - baris IMP-2026 di prod = Excel bersih
SO-MG260165,MG-2604-BH0060,2026-06-16,116.0,IMP-2026-SO-MG260165-MG-2604-BH0060,OK - baris IMP-2026 di prod = Excel bersih
SO-MG260166,MG-2604-BH0060,2026-06-16,118.0,IMP-2026-SO-MG260166-MG-2604-BH0060,OK - baris IMP-2026 di prod = Excel bersih
SO-MG260167,MG-2604-BH0060,2026-06-16,127.0,IMP-2026-SO-MG260167-MG-2604-BH0060,OK - baris IMP-2026 di prod = Excel bersih
SO-MG260168,MG-2604-BH0060,2026-06-16,124.0,IMP-2026-SO-MG260168-MG-2604-BH0060,OK - baris IMP-2026 di prod = Excel bersih
SO-MG260169,MG-2604-BH0060,2026-06-16,125.0,IMP-2026-SO-MG260169-MG-2604-BH0060,OK - baris IMP-2026 di prod = Excel bersih
SO-MG260170,MG-2604-BH0060,2026-06-16,116.0,IMP-2026-SO-MG260170-MG-2604-BH0060,OK - baris IMP-2026 di prod = Excel bersih
SO-MG260171,MG-2604-BH0060,2026-06-16,118.0,IMP-2026-SO-MG260171-MG-2604-BH0060,OK - baris IMP-2026 di prod = Excel bersih
SO-MG260102,MG-2604-BH0061,2026-06-19,16.0,IMP-2026-SO-MG260102-MG-2604-BH0061,OK - baris IMP-2026 di prod = Excel bersih
SO-MG26100621,MG-2604-BH0061,2026-06-19,8.0,IMP-2026-SO-MG26100621-MG-2604-BH0061,OK - baris IMP-2026 di prod = Excel bersih
SO-MG260159,MG-2604-BH0042,2026-06-19,79.0,IMP-2026-SO-MG260159-MG-2604-BH0042,OK - baris IMP-2026 di prod = Excel bersih
SO-MG260160,MG-2604-BH0054,2026-06-19,91.0,IMP-2026-SO-MG260160-MG-2604-BH0054,OK - baris IMP-2026 di prod = Excel bersih (catatan: 5 baris berbagi surat_jalan_no ini)
SO-MG260160,MG-2604-BH0054,2026-06-19,92.0,IMP-2026-SO-MG260160-MG-2604-BH0054,OK - baris IMP-2026 di prod = Excel bersih (catatan: 5 baris berbagi surat_jalan_no ini)
SO-MG260160,MG-2604-BH0054,2026-06-19,136.0,IMP-2026-SO-MG260160-MG-2604-BH0054,OK - baris IMP-2026 di prod = Excel bersih (catatan: 5 baris berbagi surat_jalan_no ini)
SO-MG260160,MG-2604-BH0054,2026-06-19,67.0,IMP-2026-SO-MG260160-MG-2604-BH0054,OK - baris IMP-2026 di prod = Excel bersih (catatan: 5 baris berbagi surat_jalan_no ini)
SO-MG260160,MG-2604-BH0054,2026-06-19,69.0,IMP-2026-SO-MG260160-MG-2604-BH0054,OK - baris IMP-2026 di prod = Excel bersih (catatan: 5 baris berbagi surat_jalan_no ini)
SO-MG260158,MG-2604-BH0054,2026-06-19,79.0,IMP-2026-SO-MG260158-MG-2604-BH0054,OK - baris IMP-2026 di prod = Excel bersih (catatan: 6 baris berbagi surat_jalan_no ini)
SO-MG260158,MG-2604-BH0054,2026-06-19,70.0,IMP-2026-SO-MG260158-MG-2604-BH0054,OK - baris IMP-2026 di prod = Excel bersih (catatan: 6 baris berbagi surat_jalan_no ini)
SO-MG260158,MG-2604-BH0054,2026-06-19,148.0,IMP-2026-SO-MG260158-MG-2604-BH0054,OK - baris IMP-2026 di prod = Excel bersih (catatan: 6 baris berbagi surat_jalan_no ini)
SO-MG260158,MG-2604-BH0054,2026-06-19,77.0,IMP-2026-SO-MG260158-MG-2604-BH0054,OK - baris IMP-2026 di prod = Excel bersih (catatan: 6 baris berbagi surat_jalan_no ini)
SO-MG260158,MG-2604-BH0054,2026-06-19,73.0,IMP-2026-SO-MG260158-MG-2604-BH0054,OK - baris IMP-2026 di prod = Excel bersih (catatan: 6 baris berbagi surat_jalan_no ini)
SO-MG260158,MG-2604-BH0054,2026-06-19,78.0,IMP-2026-SO-MG260158-MG-2604-BH0054,OK - baris IMP-2026 di prod = Excel bersih (catatan: 6 baris berbagi surat_jalan_no ini)
SO-MG260159,MG-2604-BH0054,2026-06-19,93.0,IMP-2026-SO-MG260159-MG-2604-BH0054,OK - baris IMP-2026 di prod = Excel bersih (catatan: 6 baris berbagi surat_jalan_no ini)
SO-MG260159,MG-2604-BH0054,2026-06-19,81.0,IMP-2026-SO-MG260159-MG-2604-BH0054,OK - baris IMP-2026 di prod = Excel bersih (catatan: 6 baris berbagi surat_jalan_no ini)
SO-MG260159,MG-2604-BH0054,2026-06-19,88.0,IMP-2026-SO-MG260159-MG-2604-BH0054,OK - baris IMP-2026 di prod = Excel bersih (catatan: 6 baris berbagi surat_jalan_no ini)
SO-MG260159,MG-2604-BH0054,2026-06-19,80.0,IMP-2026-SO-MG260159-MG-2604-BH0054,OK - baris IMP-2026 di prod = Excel bersih (catatan: 6 baris berbagi surat_jalan_no ini)
SO-MG260159,MG-2604-BH0054,2026-06-19,78.0,IMP-2026-SO-MG260159-MG-2604-BH0054,OK - baris IMP-2026 di prod = Excel bersih (catatan: 6 baris berbagi surat_jalan_no ini)
SO-MG260159,MG-2604-BH0054,2026-06-19,71.0,IMP-2026-SO-MG260159-MG-2604-BH0054,OK - baris IMP-2026 di prod = Excel bersih (catatan: 6 baris berbagi surat_jalan_no ini)
SO-MG260172,MG-2604-BH0064,2026-06-22,134.0,IMP-2026-SO-MG260172-MG-2604-BH0064,OK - baris IMP-2026 di prod = Excel bersih
SO-MG260173,MG-2604-BH0064,2026-06-22,140.0,IMP-2026-SO-MG260173-MG-2604-BH0064,OK - baris IMP-2026 di prod = Excel bersih
SO-MG260174,MG-2604-BH0064,2026-06-22,181.0,IMP-2026-SO-MG260174-MG-2604-BH0064,OK - baris IMP-2026 di prod = Excel bersih
SO-MG260175,MG-2604-BH0064,2026-06-22,99.0,IMP-2026-SO-MG260175-MG-2604-BH0064,OK - baris IMP-2026 di prod = Excel bersih
SO-MG260176,MG-2604-BH0064,2026-06-22,176.0,IMP-2026-SO-MG260176-MG-2604-BH0064,OK - baris IMP-2026 di prod = Excel bersih
SO-MG260177,MG-2604-BH0064,2026-06-22,147.0,IMP-2026-SO-MG260177-MG-2604-BH0064,OK - baris IMP-2026 di prod = Excel bersih
SO-MG260178,MG-2604-BH0064,2026-06-22,138.0,IMP-2026-SO-MG260178-MG-2604-BH0064,OK - baris IMP-2026 di prod = Excel bersih
SO-MG260179,MG-2604-BH0064,2026-06-22,148.0,IMP-2026-SO-MG260179-MG-2604-BH0064,OK - baris IMP-2026 di prod = Excel bersih
SO-MG260182,MG-2604-BH0015,2026-06-22,73.0,IMP-2026-SO-MG260182-MG-2604-BH0015,OK - baris IMP-2026 di prod = Excel bersih
SO-MG260183,MG-2604-BH0065,2026-06-22,87.96,IMP-2026-SO-MG260183-MG-2604-BH0065,OK - baris IMP-2026 di prod = Excel bersih
SO-MG260141,MG-2604-BH0043,2026-06-22,1264.0,IMP-2026-SO-MG260141-MG-2604-BH0043,OK - baris IMP-2026 di prod = Excel bersih
SO-MG260004,MG-2604-BH0059,2026-06-29,400.0,IMP-2026-SO-MG260004-MG-2604-BH0059,OK - baris IMP-2026 di prod = Excel bersih
SO-MG260004,MG-2604-BH0032,2026-06-29,15.0,IMP-2026-SO-MG260004-MG-2604-BH0032,OK - baris IMP-2026 di prod = Excel bersih
SO-MG260184,MG-2604-BH0022,2026-06-29,1710.5,IMP-2026-SO-MG260184-MG-2604-BH0022,OK - baris IMP-2026 di prod = Excel bersih (catatan: 2 baris berbagi surat_jalan_no ini)
SO-MG260185,MG-2604-BH0061,2026-06-29,76.0,IMP-2026-SO-MG260185-MG-2604-BH0061,OK - baris IMP-2026 di prod = Excel bersih
SO-MG260185,MG-2604-BH0073,2026-07-01,16.0,IMP-2026-SO-MG260185-MG-2604-BH0073,OK - baris IMP-2026 di prod = Excel bersih
SO-MG260185,MG-2604-BH0053,2026-07-01,101.0,IMP-2026-SO-MG260185-MG-2604-BH0053,OK - baris IMP-2026 di prod = Excel bersih
SO-MG260186,MG-2604-BH0053,2026-07-01,118.0,IMP-2026-SO-MG260186-MG-2604-BH0053,OK - baris IMP-2026 di prod = Excel bersih
SO-MG260187,MG-2604-BH0053,2026-07-01,128.0,IMP-2026-SO-MG260187-MG-2604-BH0053,OK - baris IMP-2026 di prod = Excel bersih
SO-MG260188,MG-2604-BH0053,2026-07-01,132.0,IMP-2026-SO-MG260188-MG-2604-BH0053,OK - baris IMP-2026 di prod = Excel bersih
SO-MG260182,MG-2604-BH0074,2026-07-03,12.0,IMP-2026-SO-MG260182-MG-2604-BH0074,OK - baris IMP-2026 di prod = Excel bersih
SO-MG260189,MG-2604-BH0069,2026-07-03,35.4,IMP-2026-SO-MG260189-MG-2604-BH0069,OK - baris IMP-2026 di prod = Excel bersih
SO-MG260189,MG-2604-BH0065,2026-07-03,87.81,IMP-2026-SO-MG260189-MG-2604-BH0065,OK - baris IMP-2026 di prod = Excel bersih
SO-MG260190,MG-2604-BH0065,2026-07-03,58.5,IMP-2026-SO-MG260190-MG-2604-BH0065,OK - baris IMP-2026 di prod = Excel bersih
SO-MG260194,MG-2604-BH0074,2026-07-04,88.0,IMP-2026-SO-MG260194-MG-2604-BH0074,OK - baris IMP-2026 di prod = Excel bersih
SO-MG260194,MG-2604-BH0068,2026-07-04,123.0,IMP-2026-SO-MG260194-MG-2604-BH0068,OK - baris IMP-2026 di prod = Excel bersih
SO-MG260195,MG-2604-BH0068,2026-07-04,56.0,IMP-2026-SO-MG260195-MG-2604-BH0068,OK - baris IMP-2026 di prod = Excel bersih
SO-MG260196,MG-2604-BH0068,2026-07-04,62.0,IMP-2026-SO-MG260196-MG-2604-BH0068,OK - baris IMP-2026 di prod = Excel bersih
SO-MG260197,MG-2604-BH0068,2026-07-04,70.0,IMP-2026-SO-MG260197-MG-2604-BH0068,OK - baris IMP-2026 di prod = Excel bersih
SO-MG260198,MG-2604-BH0068,2026-07-04,85.0,IMP-2026-SO-MG260198-MG-2604-BH0068,OK - baris IMP-2026 di prod = Excel bersih
SO-MG260191,MG-2604-BH0073,2026-07-04,57.0,IMP-2026-SO-MG260191-MG-2604-BH0073,OK - baris IMP-2026 di prod = Excel bersih
SO-MG260191,MG-2604-BH0067,2026-07-04,124.0,IMP-2026-SO-MG260191-MG-2604-BH0067,OK - baris IMP-2026 di prod = Excel bersih
SO-MG260192,MG-2604-BH0067,2026-07-04,137.0,IMP-2026-SO-MG260192-MG-2604-BH0067,OK - baris IMP-2026 di prod = Excel bersih
SO-MG260193,MG-2604-BH0067,2026-07-04,118.0,IMP-2026-SO-MG260193-MG-2604-BH0067,OK - baris IMP-2026 di prod = Excel bersih
SO-MG260199,MG-2604-BH0068,2026-07-06,77.0,IMP-2026-SO-MG260199-MG-2604-BH0068,OK - baris IMP-2026 di prod = Excel bersih
SO-MG260200,MG-2604-BH0068,2026-07-06,75.0,IMP-2026-SO-MG260200-MG-2604-BH0068,OK - baris IMP-2026 di prod = Excel bersih
SO-MG260201,MG-2604-BH0068,2026-07-06,112.0,IMP-2026-SO-MG260201-MG-2604-BH0068,OK - baris IMP-2026 di prod = Excel bersih
SO-MG260202,MG-2604-BH0068,2026-07-06,80.0,IMP-2026-SO-MG260202-MG-2604-BH0068,OK - baris IMP-2026 di prod = Excel bersih
SO-MG260203,MG-2604-BH0068,2026-07-06,165.0,IMP-2026-SO-MG260203-MG-2604-BH0068,OK - baris IMP-2026 di prod = Excel bersih
SO-MG260204,MG-2604-BH0068,2026-07-06,149.0,IMP-2026-SO-MG260204-MG-2604-BH0068,OK - baris IMP-2026 di prod = Excel bersih
SO-MG260205,MG-2604-BH0068,2026-07-06,141.0,IMP-2026-SO-MG260205-MG-2604-BH0068,OK - baris IMP-2026 di prod = Excel bersih
SO-MG260206,MG-2604-BH0068,2026-07-06,82.0,IMP-2026-SO-MG260206-MG-2604-BH0068,OK - baris IMP-2026 di prod = Excel bersih
SO-MG260210,MG-2604-BH0083,2026-07-07,540.0,IMP-2026-SO-MG260210-MG-2604-BH0083,OK - baris IMP-2026 di prod = Excel bersih
SO-MG260207,MG-2604-BH0067,2026-07-08,124.0,IMP-2026-SO-MG260207-MG-2604-BH0067,OK - baris IMP-2026 di prod = Excel bersih
SO-MG260208,MG-2604-BH0067,2026-07-08,121.0,IMP-2026-SO-MG260208-MG-2604-BH0067,OK - baris IMP-2026 di prod = Excel bersih
SO-MG260209,MG-2604-BH0067,2026-07-08,83.0,IMP-2026-SO-MG260209-MG-2604-BH0067,OK - baris IMP-2026 di prod = Excel bersih
SO-MG260194,MG-2604-BH0084,2026-07-08,10.5,IMP-2026-SO-MG260194-MG-2604-BH0084,OK - baris IMP-2026 di prod = Excel bersih
SO-MG260159,MG-2604-BH0084,2026-07-08,26.5,IMP-2026-SO-MG260159-MG-2604-BH0084,OK - baris IMP-2026 di prod = Excel bersih
SO-MG260254,MG-2604-BH0110,2026-07-22,218.5,IMP-2026-SO-MG260254-MG-2604-BH0110,OK - baris IMP-2026 di prod = Excel bersih
SO-MG260255,MG-2604-BH0110,2026-07-22,218.5,IMP-2026-SO-MG260255-MG-2604-BH0110,OK - baris IMP-2026 di prod = Excel bersih
SO-MG260184,MG-2604-BH0022,2026-07-22,246.5,IMP-2026-SO-MG260184-MG-2604-BH0022,OK - baris IMP-2026 di prod = Excel bersih (catatan: 2 baris berbagi surat_jalan_no ini)
SO-MG260184,MG-2604-BH0059,2026-07-22,129.0,IMP-2026-SO-MG260184-MG-2604-BH0059,OK - baris IMP-2026 di prod = Excel bersih (catatan: 2 baris berbagi surat_jalan_no ini)
SO-MG260219,MG-2604-BH0109,2026-07-22,117.6,IMP-2026-SO-MG260219-MG-2604-BH0109,OK - baris IMP-2026 di prod = Excel bersih
SO-MG260220,MG-2604-BH0109,2026-07-22,190.6,IMP-2026-SO-MG260220-MG-2604-BH0109,OK - baris IMP-2026 di prod = Excel bersih
SO-MG260221,MG-2604-BH0109,2026-07-22,202.4,IMP-2026-SO-MG260221-MG-2604-BH0109,OK - baris IMP-2026 di prod = Excel bersih
SO-MG260222,MG-2604-BH0109,2026-07-22,198.0,IMP-2026-SO-MG260222-MG-2604-BH0109,OK - baris IMP-2026 di prod = Excel bersih
SO-MG260223,MG-2604-BH0109,2026-07-22,202.6,IMP-2026-SO-MG260223-MG-2604-BH0109,OK - baris IMP-2026 di prod = Excel bersih
SO-MG260224,MG-2604-BH0109,2026-07-22,110.0,IMP-2026-SO-MG260224-MG-2604-BH0109,OK - baris IMP-2026 di prod = Excel bersih
SO-MG260225,MG-2604-BH0109,2026-07-22,108.2,IMP-2026-SO-MG260225-MG-2604-BH0109,OK - baris IMP-2026 di prod = Excel bersih
SO-MG260247,MG-2604-BH0109,2026-07-22,72.4,IMP-2026-SO-MG260247-MG-2604-BH0109,OK - baris IMP-2026 di prod = Excel bersih
SO-MG260248,MG-2604-BH0109,2026-07-22,94.4,IMP-2026-SO-MG260248-MG-2604-BH0109,OK - baris IMP-2026 di prod = Excel bersih
SO-MG260249,MG-2604-BH0109,2026-07-22,69.6,IMP-2026-SO-MG260249-MG-2604-BH0109,OK - baris IMP-2026 di prod = Excel bersih
SO-MG260250,MG-2604-BH0109,2026-07-22,87.0,IMP-2026-SO-MG260250-MG-2604-BH0109,OK - baris IMP-2026 di prod = Excel bersih
SO-MG260251,MG-2604-BH0109,2026-07-22,82.4,IMP-2026-SO-MG260251-MG-2604-BH0109,OK - baris IMP-2026 di prod = Excel bersih
SO-MG260252,MG-2604-BH0109,2026-07-22,80.0,IMP-2026-SO-MG260252-MG-2604-BH0109,OK - baris IMP-2026 di prod = Excel bersih
SO-MG260253,MG-2604-BH0109,2026-07-22,81.8,IMP-2026-SO-MG260253-MG-2604-BH0109,OK - baris IMP-2026 di prod = Excel bersih
SO-MG260245,MG-2604-BH0108,2026-07-18,240.0,IMP-2026-SO-MG260245-MG-2604-BH0108,OK - baris IMP-2026 di prod = Excel bersih
SO-MG260246,MG-2604-BH0108,2026-07-18,160.84,IMP-2026-SO-MG260246-MG-2604-BH0108,OK - baris IMP-2026 di prod = Excel bersih
SO-MG260243,MG-2604-BH0034,2026-07-18,36.0,IMP-2026-SO-MG260243-MG-2604-BH0034,OK - baris IMP-2026 di prod = Excel bersih
SO-MG260243,MG-2604-BH0107,2026-07-18,134.0,IMP-2026-SO-MG260243-MG-2604-BH0107,OK - baris IMP-2026 di prod = Excel bersih
SO-MG260244,MG-2604-BH0040,2026-07-18,136.0,IMP-2026-SO-MG260244-MG-2604-BH0040,OK - baris IMP-2026 di prod = Excel bersih
SO-MG260161,MG-2604-BH0106,2026-07-18,204.0,IMP-2026-SO-MG260161-MG-2604-BH0106,OK - baris IMP-2026 di prod = Excel bersih
SO-MG260244,MG-2604-BH0106,2026-07-18,66.0,IMP-2026-SO-MG260244-MG-2604-BH0106,OK - baris IMP-2026 di prod = Excel bersih
SO-MG260244,MG-2604-BH0073,2026-07-18,27.0,IMP-2026-SO-MG260244-MG-2604-BH0073,OK - baris IMP-2026 di prod = Excel bersih
SO-MG260211,MG-2604-BH0104,2026-07-18,243.0,IMP-2026-SO-MG260211-MG-2604-BH0104,OK - baris IMP-2026 di prod = Excel bersih
SO-MG260212,MG-2604-BH0105,2026-07-18,626.0,IMP-2026-SO-MG260212-MG-2604-BH0105,OK - baris IMP-2026 di prod = Excel bersih
SO-MG260213,MG-2604-BH0104,2026-07-18,189.0,IMP-2026-SO-MG260213-MG-2604-BH0104,OK - baris IMP-2026 di prod = Excel bersih
SO-MG260214,MG-2604-BH0105,2026-07-18,467.0,IMP-2026-SO-MG260214-MG-2604-BH0105,OK - baris IMP-2026 di prod = Excel bersih
SO-MG260226,MG-2604-BH0079,2026-07-16,1371.07,IMP-2026-SO-MG260226-MG-2604-BH0079,OK - baris IMP-2026 di prod = Excel bersih
SO-MG260227,MG-2604-BH0080,2026-07-16,501.8,IMP-2026-SO-MG260227-MG-2604-BH0080,OK - baris IMP-2026 di prod = Excel bersih
SO-MG260228,MG-2604-BH0082,2026-07-16,485.8,IMP-2026-SO-MG260228-MG-2604-BH0082,OK - baris IMP-2026 di prod = Excel bersih
SO-MG260229,MG-2604-BH0081,2026-07-16,647.16,IMP-2026-SO-MG260229-MG-2604-BH0081,OK - baris IMP-2026 di prod = Excel bersih
SO-MG260215,MG-2604-BH0079,2026-07-16,658.03,IMP-2026-SO-MG260215-MG-2604-BH0079,OK - baris IMP-2026 di prod = Excel bersih
SO-MG260216,MG-2604-BH0080,2026-07-16,256.0,IMP-2026-SO-MG260216-MG-2604-BH0080,OK - baris IMP-2026 di prod = Excel bersih
SO-MG260217,MG-2604-BH0082,2026-07-16,243.2,IMP-2026-SO-MG260217-MG-2604-BH0082,OK - baris IMP-2026 di prod = Excel bersih
SO-MG260218,MG-2604-BH0081,2026-07-16,306.24,IMP-2026-SO-MG260218-MG-2604-BH0081,OK - baris IMP-2026 di prod = Excel bersih
SO-MG260239,MG-2604-BH0079,2026-07-16,1082.4,IMP-2026-SO-MG260239-MG-2604-BH0079,OK - baris IMP-2026 di prod = Excel bersih
SO-MG260240,MG-2604-BH0080,2026-07-16,354.2,IMP-2026-SO-MG260240-MG-2604-BH0080,OK - baris IMP-2026 di prod = Excel bersih
SO-MG260241,MG-2604-BH0082,2026-07-16,300.0,IMP-2026-SO-MG260241-MG-2604-BH0082,OK - baris IMP-2026 di prod = Excel bersih
SO-MG260242,MG-2604-BH0081,2026-07-16,444.0,IMP-2026-SO-MG260242-MG-2604-BH0081,OK - baris IMP-2026 di prod = Excel bersih
SO-MG260235,MG-2604-BH0079,2026-07-16,1286.5,IMP-2026-SO-MG260235-MG-2604-BH0079,OK - baris IMP-2026 di prod = Excel bersih
SO-MG260236,MG-2604-BH0080,2026-07-16,555.0,IMP-2026-SO-MG260236-MG-2604-BH0080,OK - baris IMP-2026 di prod = Excel bersih
SO-MG260237,MG-2604-BH0082,2026-07-16,375.0,IMP-2026-SO-MG260237-MG-2604-BH0082,OK - baris IMP-2026 di prod = Excel bersih
SO-MG260238,MG-2604-BH0081,2026-07-16,601.6,IMP-2026-SO-MG260238-MG-2604-BH0081,OK - baris IMP-2026 di prod = Excel bersih
SO-MG260226,MG-2604-BH0088,2026-07-16,480.0,IMP-2026-SO-MG260226-MG-2604-BH0088,OK - baris IMP-2026 di prod = Excel bersih
SO-MG260215,MG-2604-BH0088,2026-07-16,360.0,IMP-2026-SO-MG260215-MG-2604-BH0088,OK - baris IMP-2026 di prod = Excel bersih
SO-MG260240,MG-2604-BH0088,2026-07-16,480.0,IMP-2026-SO-MG260240-MG-2604-BH0088,OK - baris IMP-2026 di prod = Excel bersih
SO-MG260236,MG-2604-BH0088,2026-07-16,120.0,IMP-2026-SO-MG260236-MG-2604-BH0088,OK - baris IMP-2026 di prod = Excel bersih
SO-MG260257,MG-2604-BH0075,2026-07-25,2438.96,IMP-2026-SO-MG260257-MG-2604-BH0075,OK - baris IMP-2026 di prod = Excel bersih (catatan: 2 baris berbagi surat_jalan_no ini)
SO-MG260260,MG-2604-BH0078,2026-07-25,3091.9,IMP-2026-SO-MG260260-MG-2604-BH0078,OK - baris IMP-2026 di prod = Excel bersih (catatan: 2 baris berbagi surat_jalan_no ini)
SO-MG260184,MG-2604-BH0092,2026-07-30,101.66,IMP-2026-SO-MG260184-MG-2604-BH0092,OK - baris IMP-2026 di prod = Excel bersih
SO-MG260257,MG-2604-BH0091,2026-07-31,481.71,IMP-2026-SO-MG260257-MG-2604-BH0091,OK - baris IMP-2026 di prod = Excel bersih (catatan: 2 baris berbagi surat_jalan_no ini)
SO-MG260260,MG-2604-BH0091,2026-07-31,481.71,IMP-2026-SO-MG260260-MG-2604-BH0091,OK - baris IMP-2026 di prod = Excel bersih (catatan: 2 baris berbagi surat_jalan_no ini)
SO-MG260261,MG-2604-BH0090,2026-07-31,69.75,IMP-2026-SO-MG260261-MG-2604-BH0090,OK - baris IMP-2026 di prod = Excel bersih
SO-MG260184,MG-2604-BH0059,2026-07-31,16.0,IMP-2026-SO-MG260184-MG-2604-BH0059,OK - baris IMP-2026 di prod = Excel bersih (catatan: 2 baris berbagi surat_jalan_no ini)
SO-MG260159,MG-2604-BH0087,2026-07-31,42.0,IMP-2026-SO-MG260159-MG-2604-BH0087,OK - baris IMP-2026 di prod = Excel bersih
SO-MG260263,MG-2604-BH0089,2026-07-31,400.0,IMP-2026-SO-MG260263-MG-2604-BH0089,OK - baris IMP-2026 di prod = Excel bersih
SO-MG260262,MG-2604-BH0090,2026-07-31,69.35,IMP-2026-SO-MG260262-MG-2604-BH0090,OK - baris IMP-2026 di prod = Excel bersih
SO-MG260248,MG-2604-BH0099,2026-08-11,95.0,IMP-2026-SO-MG260248-MG-2604-BH0099,OK - baris IMP-2026 di prod = Excel bersih
SO-MG260249,MG-2604-BH0099,2026-08-11,95.0,IMP-2026-SO-MG260249-MG-2604-BH0099,OK - baris IMP-2026 di prod = Excel bersih
SO-MG260250,MG-2604-BH0099,2026-08-11,190.0,IMP-2026-SO-MG260250-MG-2604-BH0099,OK - baris IMP-2026 di prod = Excel bersih
SO-MG260251,MG-2604-BH0099,2026-08-11,95.0,IMP-2026-SO-MG260251-MG-2604-BH0099,OK - baris IMP-2026 di prod = Excel bersih
SO-MG260252,MG-2604-BH0099,2026-08-11,190.0,IMP-2026-SO-MG260252-MG-2604-BH0099,OK - baris IMP-2026 di prod = Excel bersih
SO-MG260253,MG-2604-BH0099,2026-08-11,190.0,IMP-2026-SO-MG260253-MG-2604-BH0099,OK - baris IMP-2026 di prod = Excel bersih
SO-MG260006,MG-2604-BH0098,2026-08-10,693.0,IMP-2026-SO-MG260006-MG-2604-BH0098,OK - baris IMP-2026 di prod = Excel bersih
SO-MG260207,MG-2604-BH0097,2026-08-10,46.33,IMP-2026-SO-MG260207-MG-2604-BH0097,OK - baris IMP-2026 di prod = Excel bersih
SO-MG260208,MG-2604-BH0097,2026-08-10,46.33,IMP-2026-SO-MG260208-MG-2604-BH0097,OK - baris IMP-2026 di prod = Excel bersih
SO-MG260209,MG-2604-BH0097,2026-08-10,46.33,IMP-2026-SO-MG260209-MG-2604-BH0097,OK - baris IMP-2026 di prod = Excel bersih
SO-MG260257,MG-2604-BH0091,2026-08-10,227.56,IMP-2026-SO-MG260257-MG-2604-BH0091,OK - baris IMP-2026 di prod = Excel bersih (catatan: 2 baris berbagi surat_jalan_no ini)
SO-MG260258,MG-2604-BH0091,2026-08-10,227.56,IMP-2026-SO-MG260258-MG-2604-BH0091,OK - baris IMP-2026 di prod = Excel bersih
SO-MG260259,MG-2604-BH0091,2026-08-10,227.56,IMP-2026-SO-MG260259-MG-2604-BH0091,OK - baris IMP-2026 di prod = Excel bersih
SO-MG260260,MG-2604-BH0091,2026-08-10,227.56,IMP-2026-SO-MG260260-MG-2604-BH0091,OK - baris IMP-2026 di prod = Excel bersih (catatan: 2 baris berbagi surat_jalan_no ini)
SO-MG260245,MG-2604-BH0097,2026-08-08,3.0,IMP-2026-SO-MG260245-MG-2604-BH0097,OK - baris IMP-2026 di prod = Excel bersih
SO-MG260246,MG-2604-BH0097,2026-08-08,3.0,IMP-2026-SO-MG260246-MG-2604-BH0097,OK - baris IMP-2026 di prod = Excel bersih
SO-MG260267,MG-2604-BH0097,2026-08-08,25.83,IMP-2026-SO-MG260267-MG-2604-BH0097,OK - baris IMP-2026 di prod = Excel bersih
SO-MG260268,MG-2604-BH0097,2026-08-08,25.83,IMP-2026-SO-MG260268-MG-2604-BH0097,OK - baris IMP-2026 di prod = Excel bersih
SO-MG260269,MG-2604-BH0097,2026-08-08,25.83,IMP-2026-SO-MG260269-MG-2604-BH0097,OK - baris IMP-2026 di prod = Excel bersih
SO-MG260270,MG-2604-BH0097,2026-08-08,25.83,IMP-2026-SO-MG260270-MG-2604-BH0097,OK - baris IMP-2026 di prod = Excel bersih
SO-MG260271,MG-2604-BH0097,2026-08-08,25.83,IMP-2026-SO-MG260271-MG-2604-BH0097,OK - baris IMP-2026 di prod = Excel bersih
SO-MG260272,MG-2604-BH0097,2026-08-08,25.83,IMP-2026-SO-MG260272-MG-2604-BH0097,OK - baris IMP-2026 di prod = Excel bersih
SO-MG260275,MG-2604-BH0094,2026-08-08,471.9,IMP-2026-SO-MG260275-MG-2604-BH0094,OK - baris IMP-2026 di prod = Excel bersih
SO-MG260276,MG-2604-BH0094,2026-08-08,474.4,IMP-2026-SO-MG260276-MG-2604-BH0094,OK - baris IMP-2026 di prod = Excel bersih
SO-MG260277,MG-2604-BH0094,2026-08-08,455.4,IMP-2026-SO-MG260277-MG-2604-BH0094,OK - baris IMP-2026 di prod = Excel bersih
SO-MG260278,MG-2604-BH0094,2026-08-08,437.0,IMP-2026-SO-MG260278-MG-2604-BH0094,OK - baris IMP-2026 di prod = Excel bersih
SO-MG260279,MG-2604-BH0094,2026-08-08,208.3,IMP-2026-SO-MG260279-MG-2604-BH0094,OK - baris IMP-2026 di prod = Excel bersih
SO-MG260267,MG-2604-BH0093,2026-08-08,100.0,IMP-2026-SO-MG260267-MG-2604-BH0093,OK - baris IMP-2026 di prod = Excel bersih
SO-MG260268,MG-2604-BH0095,2026-08-08,81.5,IMP-2026-SO-MG260268-MG-2604-BH0095,OK - baris IMP-2026 di prod = Excel bersih
SO-MG260269,MG-2604-BH0093,2026-08-08,99.0,IMP-2026-SO-MG260269-MG-2604-BH0093,OK - baris IMP-2026 di prod = Excel bersih
SO-MG260270,MG-2604-BH0093,2026-08-08,94.0,IMP-2026-SO-MG260270-MG-2604-BH0093,OK - baris IMP-2026 di prod = Excel bersih
SO-MG260271,MG-2604-BH0093,2026-08-08,100.0,IMP-2026-SO-MG260271-MG-2604-BH0093,OK - baris IMP-2026 di prod = Excel bersih
SO-MG260272,MG-2604-BH0093,2026-08-08,81.4,IMP-2026-SO-MG260272-MG-2604-BH0093,OK - baris IMP-2026 di prod = Excel bersih
SO-MG260273,MG-2604-BH0096,2026-08-08,116.0,IMP-2026-SO-MG260273-MG-2604-BH0096,OK - baris IMP-2026 di prod = Excel bersih
SO-MG260274,MG-2604-BH0096,2026-08-08,116.0,IMP-2026-SO-MG260274-MG-2604-BH0096,OK - baris IMP-2026 di prod = Excel bersih
SO-MG260280,MG-2604-BH0093,2026-08-12,98.0,IMP-2026-SO-MG260280-MG-2604-BH0093,OK - baris IMP-2026 di prod = Excel bersih
SO-MG260281,MG-2604-BH0093,2026-08-12,99.0,IMP-2026-SO-MG260281-MG-2604-BH0093,OK - baris IMP-2026 di prod = Excel bersih
SO-MG260282,MG-2604-BH0093,2026-08-12,96.0,IMP-2026-SO-MG260282-MG-2604-BH0093,OK - baris IMP-2026 di prod = Excel bersih
SO-MG260283,MG-2604-BH0095,2026-08-12,81.1,IMP-2026-SO-MG260283-MG-2604-BH0095,OK - baris IMP-2026 di prod = Excel bersih
SO-MG260284,MG-2604-BH0093,2026-08-12,97.0,IMP-2026-SO-MG260284-MG-2604-BH0093,OK - baris IMP-2026 di prod = Excel bersih
SO-MG260285,MG-2604-BH0093,2026-08-12,76.7,IMP-2026-SO-MG260285-MG-2604-BH0093,OK - baris IMP-2026 di prod = Excel bersih
SO-MG260275,MG-2604-BH0088,2026-08-12,240.0,IMP-2026-SO-MG260275-MG-2604-BH0088,OK - baris IMP-2026 di prod = Excel bersih
SO-MG260245,MG-2604-BH0084,2026-08-12,13.0,IMP-2026-SO-MG260245-MG-2604-BH0084,OK - baris IMP-2026 di prod = Excel bersih
SO-MG260266,MG-2604-BH0101,2026-08-12,1243.0,IMP-2026-SO-MG260266-MG-2604-BH0101,OK - baris IMP-2026 di prod = Excel bersih
SO-MG260257,MG-2604-BH0075,2026-08-12,363.06,IMP-2026-SO-MG260257-MG-2604-BH0075,OK - baris IMP-2026 di prod = Excel bersih (catatan: 2 baris berbagi surat_jalan_no ini)
SO-MG260258,MG-2604-BH0077,2026-08-12,3164.0,IMP-2026-SO-MG260258-MG-2604-BH0077,OK - baris IMP-2026 di prod = Excel bersih
SO-MG260259,MG-2604-BH0076,2026-08-12,3178.06,IMP-2026-SO-MG260259-MG-2604-BH0076,OK - baris IMP-2026 di prod = Excel bersih
SO-MG260260,MG-2604-BH0078,2026-08-12,456.26,IMP-2026-SO-MG260260-MG-2604-BH0078,OK - baris IMP-2026 di prod = Excel bersih (catatan: 2 baris berbagi surat_jalan_no ini)
SO-MG260286,MG-2604-BH0112,2026-08-18,349.0,IMP-2026-SO-MG260286-MG-2604-BH0112,OK - baris IMP-2026 di prod = Excel bersih
SO-MG260287,MG-2604-BH0111,2026-08-18,543.0,IMP-2026-SO-MG260287-MG-2604-BH0111,OK - baris IMP-2026 di prod = Excel bersih
SO-MG260288,MG-2604-BH0111,2026-08-18,429.5,IMP-2026-SO-MG260288-MG-2604-BH0111,OK - baris IMP-2026 di prod = Excel bersih
SO-MG260289,MG-2604-BH0111,2026-08-18,296.0,IMP-2026-SO-MG260289-MG-2604-BH0111,OK - baris IMP-2026 di prod = Excel bersih
SO-MG260290,MG-2604-BH0111,2026-08-18,54.0,IMP-2026-SO-MG260290-MG-2604-BH0111,OK - baris IMP-2026 di prod = Excel bersih
SO-MG260291,MG-2604-BH0111,2026-08-18,299.0,IMP-2026-SO-MG260291-MG-2604-BH0111,OK - baris IMP-2026 di prod = Excel bersih
SO-MG260292,MG-2604-BH0113,2026-08-18,110.0,IMP-2026-SO-MG260292-MG-2604-BH0113,OK - baris IMP-2026 di prod = Excel bersih
SO-MG260284,MG-2604-BH0100,2026-08-18,100.0,IMP-2026-SO-MG260284-MG-2604-BH0100,OK - baris IMP-2026 di prod = Excel bersih
SO-MG260274,MG-2604-BH0100,2026-08-18,100.0,IMP-2026-SO-MG260274-MG-2604-BH0100,OK - baris IMP-2026 di prod = Excel bersih
SO-MG260287,MG-2604-BH0100,2026-08-18,100.0,IMP-2026-SO-MG260287-MG-2604-BH0100,OK - baris IMP-2026 di prod = Excel bersih
SO-MG260288,MG-2604-BH0100,2026-08-18,100.0,IMP-2026-SO-MG260288-MG-2604-BH0100,OK - baris IMP-2026 di prod = Excel bersih
SO-MG260293,MG-2604-BH0116,2026-08-20,400.0,IMP-2026-SO-MG260293-MG-2604-BH0116,OK - baris IMP-2026 di prod = Excel bersih
SO-MG260294,MG-2604-BH0116,2026-08-20,400.0,IMP-2026-SO-MG260294-MG-2604-BH0116,OK - baris IMP-2026 di prod = Excel bersih
SO-MG260296,MG-2604-BH0116,2026-08-20,300.0,IMP-2026-SO-MG260296-MG-2604-BH0116,OK - baris IMP-2026 di prod = Excel bersih
SO-MG260307,MG-2604-BH0114,2026-08-21,157.0,IMP-2026-SO-MG260307-MG-2604-BH0114,OK - baris IMP-2026 di prod = Excel bersih
SO-MG260308,MG-2604-BH0114,2026-08-21,116.0,IMP-2026-SO-MG260308-MG-2604-BH0114,OK - baris IMP-2026 di prod = Excel bersih
SO-MG260309,MG-2604-BH0114,2026-08-21,129.0,IMP-2026-SO-MG260309-MG-2604-BH0114,OK - baris IMP-2026 di prod = Excel bersih
SO-MG260310,MG-2604-BH0114,2026-08-21,129.0,IMP-2026-SO-MG260310-MG-2604-BH0114,OK - baris IMP-2026 di prod = Excel bersih
SO-MG260311,MG-2604-BH0114,2026-08-21,140.0,IMP-2026-SO-MG260311-MG-2604-BH0114,OK - baris IMP-2026 di prod = Excel bersih
SO-MG260312,MG-2604-BH0114,2026-08-21,122.0,IMP-2026-SO-MG260312-MG-2604-BH0114,OK - baris IMP-2026 di prod = Excel bersih
SO-MG260313,MG-2604-BH0114,2026-08-21,158.0,IMP-2026-SO-MG260313-MG-2604-BH0114,OK - baris IMP-2026 di prod = Excel bersih
SO-MG260314,MG-2604-BH0114,2026-08-21,116.0,IMP-2026-SO-MG260314-MG-2604-BH0114,OK - baris IMP-2026 di prod = Excel bersih
SO-MG260315,MG-2604-BH0114,2026-08-21,129.0,IMP-2026-SO-MG260315-MG-2604-BH0114,OK - baris IMP-2026 di prod = Excel bersih
SO-MG260316,MG-2604-BH0114,2026-08-21,129.0,IMP-2026-SO-MG260316-MG-2604-BH0114,OK - baris IMP-2026 di prod = Excel bersih
SO-MG260317,MG-2604-BH0114,2026-08-21,151.0,IMP-2026-SO-MG260317-MG-2604-BH0114,OK - baris IMP-2026 di prod = Excel bersih
SO-MG260318,MG-2604-BH0114,2026-08-21,123.0,IMP-2026-SO-MG260318-MG-2604-BH0114,OK - baris IMP-2026 di prod = Excel bersih
SO-MG260297,MG-2604-BH0115,2026-08-22,129.0,IMP-2026-SO-MG260297-MG-2604-BH0115,OK - baris IMP-2026 di prod = Excel bersih
SO-MG260298,MG-2604-BH0115,2026-08-22,102.0,IMP-2026-SO-MG260298-MG-2604-BH0115,OK - baris IMP-2026 di prod = Excel bersih
SO-MG260299,MG-2604-BH0115,2026-08-22,90.0,IMP-2026-SO-MG260299-MG-2604-BH0115,OK - baris IMP-2026 di prod = Excel bersih
SO-MG260300,MG-2604-BH0115,2026-08-22,133.0,IMP-2026-SO-MG260300-MG-2604-BH0115,OK - baris IMP-2026 di prod = Excel bersih
SO-MG260301,MG-2604-BH0115,2026-08-22,130.0,IMP-2026-SO-MG260301-MG-2604-BH0115,OK - baris IMP-2026 di prod = Excel bersih
SO-MG260302,MG-2604-BH0115,2026-08-22,126.0,IMP-2026-SO-MG260302-MG-2604-BH0115,OK - baris IMP-2026 di prod = Excel bersih
SO-MG260303,MG-2604-BH0115,2026-08-22,124.0,IMP-2026-SO-MG260303-MG-2604-BH0115,OK - baris IMP-2026 di prod = Excel bersih
SO-MG260304,MG-2604-BH0115,2026-08-22,126.0,IMP-2026-SO-MG260304-MG-2604-BH0115,OK - baris IMP-2026 di prod = Excel bersih
SO-MG260305,MG-2604-BH0115,2026-08-22,118.0,IMP-2026-SO-MG260305-MG-2604-BH0115,OK - baris IMP-2026 di prod = Excel bersih
SO-MG260306,MG-2604-BH0115,2026-08-22,78.5,IMP-2026-SO-MG260306-MG-2604-BH0115,OK - baris IMP-2026 di prod = Excel bersih
SO-MG260257,MG-2604-BH0117,2026-08-22,308.1,IMP-2026-SO-MG260257-MG-2604-BH0117,OK - baris IMP-2026 di prod = Excel bersih
SO-MG260006,MG-2604-BH0032,2026-08-22,66.0,IMP-2026-SO-MG260006-MG-2604-BH0032,OK - baris IMP-2026 di prod = Excel bersih
