item_code,receipt_date,roll_number,qty_received,unit,contract_type,inspection_status,_REKONSILIASI
MG-2604-BH0001,2026-04-02,IMP-2026-MG-2604-BH0001-001,82.0,YARD,FOB,PASSED,OK - baris IMP-2026 di prod = Excel bersih
MG-2604-BH0001,2026-04-02,IMP-2026-MG-2604-BH0001-002,80.0,YARD,FOB,PASSED,OK - baris IMP-2026 di prod = Excel bersih
MG-2604-BH0001,2026-04-02,IMP-2026-MG-2604-BH0001-003,87.0,YARD,FOB,PASSED,OK - baris IMP-2026 di prod = Excel bersih
MG-2604-BH0001,2026-04-02,IMP-2026-MG-2604-BH0001-004,60.0,YARD,FOB,PASSED,OK - baris IMP-2026 di prod = Excel bersih
MG-2604-BH0002,2026-04-08,IMP-2026-MG-2604-BH0002-001,135.0,YARD,FOB,PASSED,OK - baris IMP-2026 di prod = Excel bersih
MG-2604-BH0003,2026-04-08,IMP-2026-MG-2604-BH0003-001,133.0,YARD,FOB,PASSED,OK - baris IMP-2026 di prod = Excel bersih
MG-2604-BH0004,2026-04-08,IMP-2026-MG-2604-BH0004-001,110.0,YARD,FOB,PASSED,OK - baris IMP-2026 di prod = Excel bersih
MG-2604-BH0005,2026-04-09,IMP-2026-MG-2604-BH0005-001,100.0,YARD,CMT,PASSED,OK - baris IMP-2026 di prod = Excel bersih
MG-2604-BH0005,2026-04-09,IMP-2026-MG-2604-BH0005-002,90.0,YARD,CMT,PASSED,OK - baris IMP-2026 di prod = Excel bersih
MG-2604-BH0005,2026-04-09,IMP-2026-MG-2604-BH0005-003,69.0,YARD,CMT,PASSED,OK - baris IMP-2026 di prod = Excel bersih
MG-2604-BH0006,2026-04-09,IMP-2026-MG-2604-BH0006-001,93.0,YARD,CMT,PASSED,OK - baris IMP-2026 di prod = Excel bersih
MG-2604-BH0007,2026-04-10,IMP-2026-MG-2604-BH0007-001,60.1,YARD,CMT,PASSED,OK - baris IMP-2026 di prod = Excel bersih
MG-2604-BH0008,2026-04-17,IMP-2026-MG-2604-BH0008-001,133.0,YARD,CMT,PASSED,OK - baris IMP-2026 di prod = Excel bersih
MG-2604-BH0008,2026-04-17,IMP-2026-MG-2604-BH0008-002,133.0,YARD,CMT,PASSED,OK - baris IMP-2026 di prod = Excel bersih
MG-2604-BH0008,2026-04-17,IMP-2026-MG-2604-BH0008-003,127.0,YARD,CMT,PASSED,OK - baris IMP-2026 di prod = Excel bersih
MG-2604-BH0008,2026-04-17,IMP-2026-MG-2604-BH0008-004,133.0,YARD,CMT,PASSED,OK - baris IMP-2026 di prod = Excel bersih
MG-2604-BH0008,2026-04-17,IMP-2026-MG-2604-BH0008-005,136.0,YARD,CMT,PASSED,OK - baris IMP-2026 di prod = Excel bersih
MG-2604-BH0008,2026-04-17,IMP-2026-MG-2604-BH0008-006,131.0,YARD,CMT,PASSED,OK - baris IMP-2026 di prod = Excel bersih
MG-2604-BH0008,2026-04-17,IMP-2026-MG-2604-BH0008-007,134.0,YARD,CMT,PASSED,OK - baris IMP-2026 di prod = Excel bersih
MG-2604-BH0008,2026-04-17,IMP-2026-MG-2604-BH0008-008,103.0,YARD,CMT,PASSED,OK - baris IMP-2026 di prod = Excel bersih
MG-2604-BH0008,2026-04-17,IMP-2026-MG-2604-BH0008-009,131.0,YARD,CMT,PASSED,OK - baris IMP-2026 di prod = Excel bersih
MG-2604-BH0008,2026-04-17,IMP-2026-MG-2604-BH0008-010,132.0,YARD,CMT,PASSED,OK - baris IMP-2026 di prod = Excel bersih
MG-2604-BH0008,2026-04-17,IMP-2026-MG-2604-BH0008-011,130.0,YARD,CMT,PASSED,OK - baris IMP-2026 di prod = Excel bersih
MG-2604-BH0008,2026-04-17,IMP-2026-MG-2604-BH0008-012,128.0,YARD,CMT,PASSED,OK - baris IMP-2026 di prod = Excel bersih
MG-2604-BH0008,2026-04-17,IMP-2026-MG-2604-BH0008-013,136.0,YARD,CMT,PASSED,OK - baris IMP-2026 di prod = Excel bersih
MG-2604-BH0008,2026-04-17,IMP-2026-MG-2604-BH0008-014,130.0,YARD,CMT,PASSED,OK - baris IMP-2026 di prod = Excel bersih
MG-2604-BH0008,2026-04-17,IMP-2026-MG-2604-BH0008-015,130.0,YARD,CMT,PASSED,OK - baris IMP-2026 di prod = Excel bersih
MG-2604-BH0009,2026-04-22,IMP-2026-MG-2604-BH0009-001,107.28,YARD,CMT,PASSED,OK - baris IMP-2026 di prod = Excel bersih
MG-2604-BH0009,2026-04-22,IMP-2026-MG-2604-BH0009-002,115.81,YARD,CMT,PASSED,OK - baris IMP-2026 di prod = Excel bersih
MG-2604-BH0009,2026-04-22,IMP-2026-MG-2604-BH0009-003,102.58,YARD,CMT,PASSED,OK - baris IMP-2026 di prod = Excel bersih
MG-2604-BH0009,2026-04-22,IMP-2026-MG-2604-BH0009-004,107.39,YARD,CMT,PASSED,OK - baris IMP-2026 di prod = Excel bersih
MG-2604-BH0009,2026-04-22,IMP-2026-MG-2604-BH0009-005,111.0,YARD,CMT,PASSED,OK - baris IMP-2026 di prod = Excel bersih
MG-2604-BH0009,2026-04-22,IMP-2026-MG-2604-BH0009-006,114.06,YARD,CMT,PASSED,OK - baris IMP-2026 di prod = Excel bersih
MG-2604-BH0009,2026-04-22,IMP-2026-MG-2604-BH0009-007,112.1,YARD,CMT,PASSED,OK - baris IMP-2026 di prod = Excel bersih
MG-2604-BH0009,2026-04-22,IMP-2026-MG-2604-BH0009-008,113.85,YARD,CMT,PASSED,OK - baris IMP-2026 di prod = Excel bersih
MG-2604-BH0010,2026-04-24,IMP-2026-MG-2604-BH0010-001,100.0,YARD,CASH,PASSED,OK - baris IMP-2026 di prod = Excel bersih
MG-2604-BH0010,2026-04-24,IMP-2026-MG-2604-BH0010-002,98.0,YARD,CASH,PASSED,OK - baris IMP-2026 di prod = Excel bersih
MG-2604-BH0010,2026-04-24,IMP-2026-MG-2604-BH0010-003,120.0,YARD,CASH,PASSED,OK - baris IMP-2026 di prod = Excel bersih
MG-2604-BH0011,2026-04-24,IMP-2026-MG-2604-BH0011-001,91.0,YARD,CASH,PASSED,OK - baris IMP-2026 di prod = Excel bersih
MG-2604-BH0011,2026-04-24,IMP-2026-MG-2604-BH0011-002,87.0,YARD,CASH,PASSED,OK - baris IMP-2026 di prod = Excel bersih
MG-2604-BH0011,2026-04-24,IMP-2026-MG-2604-BH0011-003,84.0,YARD,CASH,PASSED,OK - baris IMP-2026 di prod = Excel bersih
MG-2604-BH0011,2026-04-24,IMP-2026-MG-2604-BH0011-004,84.0,YARD,CASH,PASSED,OK - baris IMP-2026 di prod = Excel bersih
MG-2604-BH0011,2026-04-24,IMP-2026-MG-2604-BH0011-005,91.0,YARD,CASH,PASSED,OK - baris IMP-2026 di prod = Excel bersih
MG-2604-BH0011,2026-04-24,IMP-2026-MG-2604-BH0011-006,82.0,YARD,CASH,PASSED,OK - baris IMP-2026 di prod = Excel bersih
MG-2604-BH0011,2026-04-24,IMP-2026-MG-2604-BH0011-007,86.0,YARD,CASH,PASSED,OK - baris IMP-2026 di prod = Excel bersih
MG-2604-BH0012,2026-04-24,IMP-2026-MG-2604-BH0012-001,236.0,YARD,CASH,PASSED,OK - baris IMP-2026 di prod = Excel bersih
MG-2604-BH0012,2026-04-24,IMP-2026-MG-2604-BH0012-002,235.0,YARD,CASH,PASSED,OK - baris IMP-2026 di prod = Excel bersih
MG-2604-BH0012,2026-04-24,IMP-2026-MG-2604-BH0012-003,234.0,YARD,CASH,PASSED,OK - baris IMP-2026 di prod = Excel bersih
MG-2604-BH0013,2026-04-24,IMP-2026-MG-2604-BH0013-001,72.0,YARD,FOB,PASSED,OK - baris IMP-2026 di prod = Excel bersih
MG-2604-BH0013,2026-04-24,IMP-2026-MG-2604-BH0013-002,82.5,YARD,FOB,PASSED,OK - baris IMP-2026 di prod = Excel bersih
MG-2604-BH0013,2026-04-24,IMP-2026-MG-2604-BH0013-003,50.0,YARD,FOB,PASSED,OK - baris IMP-2026 di prod = Excel bersih
MG-2604-BH0013,2026-04-24,IMP-2026-MG-2604-BH0013-004,61.0,YARD,FOB,PASSED,OK - baris IMP-2026 di prod = Excel bersih
MG-2604-BH0013,2026-04-24,IMP-2026-MG-2604-BH0013-005,105.0,YARD,FOB,PASSED,OK - baris IMP-2026 di prod = Excel bersih
MG-2604-BH0013,2026-04-24,IMP-2026-MG-2604-BH0013-006,64.0,YARD,FOB,PASSED,OK - baris IMP-2026 di prod = Excel bersih
MG-2604-BH0013,2026-04-24,IMP-2026-MG-2604-BH0013-007,78.0,YARD,FOB,PASSED,OK - baris IMP-2026 di prod = Excel bersih
MG-2604-BH0013,2026-04-24,IMP-2026-MG-2604-BH0013-008,92.5,YARD,FOB,PASSED,OK - baris IMP-2026 di prod = Excel bersih
MG-2604-BH0013,2026-04-24,IMP-2026-MG-2604-BH0013-009,74.0,YARD,FOB,PASSED,OK - baris IMP-2026 di prod = Excel bersih
MG-2604-BH0014,2026-04-24,IMP-2026-MG-2604-BH0014-001,50.0,YARD,FOB,PASSED,OK - baris IMP-2026 di prod = Excel bersih
MG-2604-BH0015,2026-04-24,IMP-2026-MG-2604-BH0015-001,73.0,YARD,FOB,PASSED,OK - baris IMP-2026 di prod = Excel bersih
MG-2604-BH0016,2026-04-25,IMP-2026-MG-2604-BH0016-001,190.0,YARD,CMT,PASSED,OK - baris IMP-2026 di prod = Excel bersih
MG-2604-BH0016,2026-04-25,IMP-2026-MG-2604-BH0016-002,380.0,YARD,CMT,PASSED,OK - baris IMP-2026 di prod = Excel bersih
MG-2604-BH0016,2026-04-25,IMP-2026-MG-2604-BH0016-003,285.0,YARD,CMT,PASSED,OK - baris IMP-2026 di prod = Excel bersih
MG-2604-BH0016,2026-04-25,IMP-2026-MG-2604-BH0016-004,190.0,YARD,CMT,PASSED,OK - baris IMP-2026 di prod = Excel bersih
MG-2604-BH0016,2026-04-25,IMP-2026-MG-2604-BH0016-005,380.0,YARD,CMT,PASSED,OK - baris IMP-2026 di prod = Excel bersih
MG-2604-BH0016,2026-04-25,IMP-2026-MG-2604-BH0016-006,190.0,YARD,CMT,PASSED,OK - baris IMP-2026 di prod = Excel bersih
MG-2604-BH0017,2026-04-25,IMP-2026-MG-2604-BH0017-001,1398.58,YARD,CMT,PASSED,OK - baris IMP-2026 di prod = Excel bersih
MG-2604-BH0018,2026-04-27,IMP-2026-MG-2604-BH0018-001,834.0,YARD,CMT,PASSED,OK - baris IMP-2026 di prod = Excel bersih
MG-2604-BH0018,2026-04-27,IMP-2026-MG-2604-BH0018-002,411.0,YARD,CMT,PASSED,OK - baris IMP-2026 di prod = Excel bersih
MG-2604-BH0019,2026-04-27,IMP-2026-MG-2604-BH0019-001,613.0,YARD,CMT,PASSED,OK - baris IMP-2026 di prod = Excel bersih
MG-2604-BH0020,2026-04-29,IMP-2026-MG-2604-BH0020-001,255.0,YARD,FOB,PASSED,OK - baris IMP-2026 di prod = Excel bersih
MG-2604-BH0021,2026-04-29,IMP-2026-MG-2604-BH0021-001,100.0,YARD,FOB,PASSED,OK - baris IMP-2026 di prod = Excel bersih
MG-2604-BH0021,2026-04-29,IMP-2026-MG-2604-BH0021-002,120.5,YARD,FOB,PASSED,OK - baris IMP-2026 di prod = Excel bersih
MG-2604-BH0022,2026-05-07,IMP-2026-MG-2604-BH0022-001,89.0,YARD,FOB,PASSED,OK - baris IMP-2026 di prod = Excel bersih
MG-2604-BH0022,2026-05-07,IMP-2026-MG-2604-BH0022-002,132.0,YARD,FOB,PASSED,OK - baris IMP-2026 di prod = Excel bersih
MG-2604-BH0022,2026-05-07,IMP-2026-MG-2604-BH0022-003,135.0,YARD,FOB,PASSED,OK - baris IMP-2026 di prod = Excel bersih
MG-2604-BH0022,2026-05-07,IMP-2026-MG-2604-BH0022-004,46.0,YARD,FOB,PASSED,OK - baris IMP-2026 di prod = Excel bersih
MG-2604-BH0022,2026-05-07,IMP-2026-MG-2604-BH0022-005,82.0,YARD,FOB,PASSED,OK - baris IMP-2026 di prod = Excel bersih
MG-2604-BH0022,2026-05-07,IMP-2026-MG-2604-BH0022-006,109.0,YARD,FOB,PASSED,OK - baris IMP-2026 di prod = Excel bersih
MG-2604-BH0022,2026-05-07,IMP-2026-MG-2604-BH0022-007,119.0,YARD,FOB,PASSED,OK - baris IMP-2026 di prod = Excel bersih
MG-2604-BH0022,2026-05-07,IMP-2026-MG-2604-BH0022-008,120.0,YARD,FOB,PASSED,OK - baris IMP-2026 di prod = Excel bersih
MG-2604-BH0022,2026-05-07,IMP-2026-MG-2604-BH0022-009,125.0,YARD,FOB,PASSED,OK - baris IMP-2026 di prod = Excel bersih
MG-2604-BH0022,2026-05-07,IMP-2026-MG-2604-BH0022-010,125.0,YARD,FOB,PASSED,OK - baris IMP-2026 di prod = Excel bersih
MG-2604-BH0022,2026-05-07,IMP-2026-MG-2604-BH0022-011,125.0,YARD,FOB,PASSED,OK - baris IMP-2026 di prod = Excel bersih
MG-2604-BH0022,2026-05-07,IMP-2026-MG-2604-BH0022-012,127.0,YARD,FOB,PASSED,OK - baris IMP-2026 di prod = Excel bersih
MG-2604-BH0022,2026-05-07,IMP-2026-MG-2604-BH0022-013,132.5,YARD,FOB,PASSED,OK - baris IMP-2026 di prod = Excel bersih
MG-2604-BH0022,2026-05-07,IMP-2026-MG-2604-BH0022-014,133.0,YARD,FOB,PASSED,OK - baris IMP-2026 di prod = Excel bersih
MG-2604-BH0022,2026-05-07,IMP-2026-MG-2604-BH0022-015,126.5,YARD,FOB,PASSED,OK - baris IMP-2026 di prod = Excel bersih
MG-2604-BH0022,2026-05-07,IMP-2026-MG-2604-BH0022-016,131.0,YARD,FOB,PASSED,OK - baris IMP-2026 di prod = Excel bersih
MG-2604-BH0022,2026-05-07,IMP-2026-MG-2604-BH0022-017,101.54,YARD,FOB,PASSED,OK - baris IMP-2026 di prod = Excel bersih
MG-2604-BH0022,2026-05-07,IMP-2026-MG-2604-BH0022-018,111.13,YARD,FOB,PASSED,OK - baris IMP-2026 di prod = Excel bersih
MG-2604-BH0023,2026-05-11,IMP-2026-MG-2604-BH0023-001,60.0,YARD,FOB,PASSED,OK - baris IMP-2026 di prod = Excel bersih
MG-2604-BH0024,2026-05-16,IMP-2026-MG-2604-BH0024-001,100.0,YARD,FOB,PASSED,OK - baris IMP-2026 di prod = Excel bersih
MG-2604-BH0024,2026-05-16,IMP-2026-MG-2604-BH0024-002,100.0,YARD,FOB,PASSED,OK - baris IMP-2026 di prod = Excel bersih
MG-2604-BH0024,2026-05-16,IMP-2026-MG-2604-BH0024-003,100.0,YARD,FOB,PASSED,OK - baris IMP-2026 di prod = Excel bersih
MG-2604-BH0024,2026-05-16,IMP-2026-MG-2604-BH0024-004,100.0,YARD,FOB,PASSED,OK - baris IMP-2026 di prod = Excel bersih
MG-2604-BH0024,2026-05-16,IMP-2026-MG-2604-BH0024-005,100.0,YARD,FOB,PASSED,OK - baris IMP-2026 di prod = Excel bersih
MG-2604-BH0024,2026-05-16,IMP-2026-MG-2604-BH0024-006,100.0,YARD,FOB,PASSED,OK - baris IMP-2026 di prod = Excel bersih
MG-2604-BH0024,2026-05-16,IMP-2026-MG-2604-BH0024-007,100.0,YARD,FOB,PASSED,OK - baris IMP-2026 di prod = Excel bersih
MG-2604-BH0024,2026-05-16,IMP-2026-MG-2604-BH0024-008,100.0,YARD,FOB,PASSED,OK - baris IMP-2026 di prod = Excel bersih
MG-2604-BH0024,2026-05-16,IMP-2026-MG-2604-BH0024-009,100.0,YARD,FOB,PASSED,OK - baris IMP-2026 di prod = Excel bersih
MG-2604-BH0024,2026-05-16,IMP-2026-MG-2604-BH0024-010,100.0,YARD,FOB,PASSED,OK - baris IMP-2026 di prod = Excel bersih
MG-2604-BH0024,2026-05-16,IMP-2026-MG-2604-BH0024-011,100.0,YARD,FOB,PASSED,OK - baris IMP-2026 di prod = Excel bersih
MG-2604-BH0024,2026-05-16,IMP-2026-MG-2604-BH0024-012,100.0,YARD,FOB,PASSED,OK - baris IMP-2026 di prod = Excel bersih
MG-2604-BH0024,2026-05-16,IMP-2026-MG-2604-BH0024-013,100.0,YARD,FOB,PASSED,OK - baris IMP-2026 di prod = Excel bersih
MG-2604-BH0024,2026-05-16,IMP-2026-MG-2604-BH0024-014,100.0,YARD,FOB,PASSED,OK - baris IMP-2026 di prod = Excel bersih
MG-2604-BH0024,2026-05-16,IMP-2026-MG-2604-BH0024-015,100.0,YARD,FOB,PASSED,OK - baris IMP-2026 di prod = Excel bersih
MG-2604-BH0025,2026-05-16,IMP-2026-MG-2604-BH0025-001,130.0,YARD,FOB,PASSED,OK - baris IMP-2026 di prod = Excel bersih
MG-2604-BH0026,2026-05-16,IMP-2026-MG-2604-BH0026-001,1118.0,YARD,CMT,PASSED,OK - baris IMP-2026 di prod = Excel bersih
MG-2604-BH0027,2026-05-18,IMP-2026-MG-2604-BH0027-001,98.0,YARD,FOB,PASSED,OK - baris IMP-2026 di prod = Excel bersih
MG-2604-BH0027,2026-05-18,IMP-2026-MG-2604-BH0027-002,138.0,YARD,FOB,PASSED,OK - baris IMP-2026 di prod = Excel bersih
MG-2604-BH0027,2026-05-18,IMP-2026-MG-2604-BH0027-003,114.0,YARD,FOB,PASSED,OK - baris IMP-2026 di prod = Excel bersih
MG-2604-BH0027,2026-05-18,IMP-2026-MG-2604-BH0027-004,115.0,YARD,FOB,PASSED,OK - baris IMP-2026 di prod = Excel bersih
MG-2604-BH0028,2026-05-19,IMP-2026-MG-2604-BH0028-001,471.0,YARD,FOB,PASSED,OK - baris IMP-2026 di prod = Excel bersih
MG-2604-BH0028,2026-05-19,IMP-2026-MG-2604-BH0028-002,512.0,YARD,FOB,PASSED,OK - baris IMP-2026 di prod = Excel bersih
MG-2604-BH0028,2026-05-19,IMP-2026-MG-2604-BH0028-003,512.0,YARD,FOB,PASSED,OK - baris IMP-2026 di prod = Excel bersih
MG-2604-BH0028,2026-05-19,IMP-2026-MG-2604-BH0028-004,513.0,YARD,FOB,PASSED,OK - baris IMP-2026 di prod = Excel bersih
MG-2604-BH0028,2026-05-19,IMP-2026-MG-2604-BH0028-005,620.0,YARD,FOB,PASSED,OK - baris IMP-2026 di prod = Excel bersih
MG-2604-BH0029,2026-05-18,IMP-2026-MG-2604-BH0029-001,112.66,YARD,FOB,PASSED,OK - baris IMP-2026 di prod = Excel bersih
MG-2604-BH0030,2026-05-20,IMP-2026-MG-2604-BH0030-001,503.0,YARD,FOB,PASSED,OK - baris IMP-2026 di prod = Excel bersih
MG-2604-BH0031,2026-05-20,IMP-2026-MG-2604-BH0031-001,3600.5,YARD,FOB,PASSED,OK - baris IMP-2026 di prod = Excel bersih
MG-2604-BH0032,2026-05-21,IMP-2026-MG-2604-BH0032-001,109.0,YARD,FOB,PASSED,OK - baris IMP-2026 di prod = Excel bersih
MG-2604-BH0033,2026-05-21,IMP-2026-MG-2604-BH0033-001,100.0,YARD,FOB,PASSED,OK - baris IMP-2026 di prod = Excel bersih
MG-2604-BH0033,2026-05-21,IMP-2026-MG-2604-BH0033-002,100.0,YARD,FOB,PASSED,OK - baris IMP-2026 di prod = Excel bersih
MG-2604-BH0033,2026-05-21,IMP-2026-MG-2604-BH0033-003,100.0,YARD,FOB,PASSED,OK - baris IMP-2026 di prod = Excel bersih
MG-2604-BH0034,2026-05-21,IMP-2026-MG-2604-BH0034-001,927.0,YARD,FOB,PASSED,OK - baris IMP-2026 di prod = Excel bersih
MG-2604-BH0035,2026-05-22,IMP-2026-MG-2604-BH0035-001,238.7,YARD,FOB,PASSED,OK - baris IMP-2026 di prod = Excel bersih
MG-2604-BH0035,2026-05-22,IMP-2026-MG-2604-BH0035-002,226.4,YARD,FOB,PASSED,OK - baris IMP-2026 di prod = Excel bersih
MG-2604-BH0036,2026-05-22,IMP-2026-MG-2604-BH0036-001,105.0,YARD,FOB,PASSED,OK - baris IMP-2026 di prod = Excel bersih
MG-2604-BH0036,2026-05-22,IMP-2026-MG-2604-BH0036-002,113.0,YARD,FOB,PASSED,OK - baris IMP-2026 di prod = Excel bersih
MG-2604-BH0036,2026-05-22,IMP-2026-MG-2604-BH0036-003,151.0,YARD,FOB,PASSED,OK - baris IMP-2026 di prod = Excel bersih
MG-2604-BH0036,2026-05-22,IMP-2026-MG-2604-BH0036-004,149.0,YARD,FOB,PASSED,OK - baris IMP-2026 di prod = Excel bersih
MG-2604-BH0036,2026-05-22,IMP-2026-MG-2604-BH0036-005,144.0,YARD,FOB,PASSED,OK - baris IMP-2026 di prod = Excel bersih
MG-2604-BH0037,2026-05-22,IMP-2026-MG-2604-BH0037-001,120.0,YARD,CMT,PASSED,OK - baris IMP-2026 di prod = Excel bersih
MG-2604-BH0037,2026-05-22,IMP-2026-MG-2604-BH0037-002,117.0,YARD,CMT,PASSED,OK - baris IMP-2026 di prod = Excel bersih
MG-2604-BH0038,2026-05-25,IMP-2026-MG-2604-BH0038-001,207.0,YARD,FOB,PASSED,OK - baris IMP-2026 di prod = Excel bersih
MG-2604-BH0039,2026-05-25,IMP-2026-MG-2604-BH0039-001,205.0,YARD,FOB,PASSED,OK - baris IMP-2026 di prod = Excel bersih
MG-2604-BH0040,2026-05-25,IMP-2026-MG-2604-BH0040-001,414.0,YARD,FOB,PASSED,OK - baris IMP-2026 di prod = Excel bersih
MG-2604-BH0041,2026-05-25,IMP-2026-MG-2604-BH0041-001,300.0,YARD,FOB,PASSED,OK - baris IMP-2026 di prod = Excel bersih
MG-2604-BH0042,2026-05-25,IMP-2026-MG-2604-BH0042-001,200.0,YARD,FOB,PASSED,OK - baris IMP-2026 di prod = Excel bersih
MG-2604-BH0043,2026-05-28,IMP-2026-MG-2604-BH0043-001,1314.0,YARD,CMT,PASSED,OK - baris IMP-2026 di prod = Excel bersih
MG-2604-BH0044,2026-05-28,IMP-2026-MG-2604-BH0044-001,1093.13,YARD,FOB,PASSED,OK - baris IMP-2026 di prod = Excel bersih
MG-2604-BH0045,2026-05-28,IMP-2026-MG-2604-BH0045-001,1548.49,YARD,FOB,PASSED,OK - baris IMP-2026 di prod = Excel bersih
MG-2604-BH0046,2026-05-28,IMP-2026-MG-2604-BH0046-001,498.3,YARD,FOB,PASSED,OK - baris IMP-2026 di prod = Excel bersih
MG-2604-BH0047,2026-05-28,IMP-2026-MG-2604-BH0047-001,498.67,YARD,FOB,PASSED,OK - baris IMP-2026 di prod = Excel bersih
MG-2604-BH0048,2026-05-28,IMP-2026-MG-2604-BH0048-001,395.84,YARD,FOB,PASSED,OK - baris IMP-2026 di prod = Excel bersih
MG-2604-BH0049,2026-06-02,IMP-2026-MG-2604-BH0049-001,1399.61,YARD,FOB,PASSED,OK - baris IMP-2026 di prod = Excel bersih
MG-2604-BH0055,2026-06-03,IMP-2026-MG-2604-BH0055-001,573.0,YARD,FOB,PASSED,OK - baris IMP-2026 di prod = Excel bersih
MG-2604-BH0050,2026-06-08,IMP-2026-MG-2604-BH0050-001,124.45,YARD,CMT,PASSED,OK - baris IMP-2026 di prod = Excel bersih
MG-2604-BH0051,2026-06-09,IMP-2026-MG-2604-BH0051-001,72.0,YARD,CMT,PASSED,OK - baris IMP-2026 di prod = Excel bersih
MG-2604-BH0051,2026-06-09,IMP-2026-MG-2604-BH0051-002,80.0,YARD,CMT,PASSED,OK - baris IMP-2026 di prod = Excel bersih
MG-2604-BH0052,2026-06-11,IMP-2026-MG-2604-BH0052-001,96.0,YARD,FOB,PASSED,OK - baris IMP-2026 di prod = Excel bersih
MG-2604-BH0052,2026-06-11,IMP-2026-MG-2604-BH0052-002,99.0,YARD,FOB,PASSED,OK - baris IMP-2026 di prod = Excel bersih
MG-2604-BH0053,2026-06-11,IMP-2026-MG-2604-BH0053-001,118.0,YARD,FOB,PASSED,OK - baris IMP-2026 di prod = Excel bersih
MG-2604-BH0053,2026-06-11,IMP-2026-MG-2604-BH0053-002,101.0,YARD,FOB,PASSED,OK - baris IMP-2026 di prod = Excel bersih
MG-2604-BH0053,2026-06-11,IMP-2026-MG-2604-BH0053-003,128.0,YARD,FOB,PASSED,OK - baris IMP-2026 di prod = Excel bersih
MG-2604-BH0053,2026-06-11,IMP-2026-MG-2604-BH0053-004,132.0,YARD,FOB,PASSED,OK - baris IMP-2026 di prod = Excel bersih
MG-2604-BH0054,2026-06-15,IMP-2026-MG-2604-BH0054-001,1471.0,YARD,FOB,PASSED,OK - baris IMP-2026 di prod = Excel bersih
MG-2604-BH0056,2026-06-08,IMP-2026-MG-2604-BH0056-001,1649.44,YARD,FOB,PASSED,OK - baris IMP-2026 di prod = Excel bersih
MG-2604-BH0057,2026-06-10,IMP-2026-MG-2604-BH0057-001,2110.66,YARD,FOB,PASSED,OK - baris IMP-2026 di prod = Excel bersih
MG-2604-BH0058,2026-06-15,IMP-2026-MG-2604-BH0058-001,1575.0,YARD,FOB,PASSED,OK - baris IMP-2026 di prod = Excel bersih
MG-2604-BH0059,2026-06-15,IMP-2026-MG-2604-BH0059-001,399.99,YARD,FOB,PASSED,OK - baris IMP-2026 di prod = Excel bersih
MG-2604-BH0061,2026-06-15,IMP-2026-MG-2604-BH0061-001,100.0,YARD,FOB,PASSED,OK - baris IMP-2026 di prod = Excel bersih
MG-2604-BH0060,2026-06-15,IMP-2026-MG-2604-BH0060-001,248.0,YARD,FOB,PASSED,OK - baris IMP-2026 di prod = Excel bersih
MG-2604-BH0060,2026-06-15,IMP-2026-MG-2604-BH0060-002,246.0,YARD,FOB,PASSED,OK - baris IMP-2026 di prod = Excel bersih
MG-2604-BH0060,2026-06-15,IMP-2026-MG-2604-BH0060-003,250.0,YARD,FOB,PASSED,OK - baris IMP-2026 di prod = Excel bersih
MG-2604-BH0060,2026-06-15,IMP-2026-MG-2604-BH0060-004,232.0,YARD,FOB,PASSED,OK - baris IMP-2026 di prod = Excel bersih
MG-2604-BH0060,2026-06-15,IMP-2026-MG-2604-BH0060-005,236.0,YARD,FOB,PASSED,OK - baris IMP-2026 di prod = Excel bersih
MG-2604-BH0062,2026-06-18,IMP-2026-MG-2604-BH0062-001,1144.74,YARD,FOB,PASSED,OK - baris IMP-2026 di prod = Excel bersih
MG-2604-BH0063,2026-06-18,IMP-2026-MG-2604-BH0063-001,1776.92,YARD,FOB,PASSED,OK - baris IMP-2026 di prod = Excel bersih
MG-2604-BH0064,2026-06-18,IMP-2026-MG-2604-BH0064-001,1163.0,YARD,FOB,PASSED,OK - baris IMP-2026 di prod = Excel bersih
MG-2604-BH0065,2026-06-18,IMP-2026-MG-2604-BH0065-001,175.77,YARD,FOB,PASSED,OK - baris IMP-2026 di prod = Excel bersih
MG-2604-BH0065,2026-06-18,IMP-2026-MG-2604-BH0065-002,58.5,YARD,FOB,PASSED,OK - baris IMP-2026 di prod = Excel bersih
MG-2604-BH0066,2026-06-29,IMP-2026-MG-2604-BH0066-001,735.04,YARD,FOB,PASSED,OK - baris IMP-2026 di prod = Excel bersih
MG-2604-BH0067,2026-06-29,IMP-2026-MG-2604-BH0067-001,248.0,YARD,FOB,PASSED,OK - baris IMP-2026 di prod = Excel bersih
MG-2604-BH0067,2026-06-29,IMP-2026-MG-2604-BH0067-002,201.0,YARD,FOB,PASSED,OK - baris IMP-2026 di prod = Excel bersih
MG-2604-BH0067,2026-06-29,IMP-2026-MG-2604-BH0067-003,258.0,YARD,FOB,PASSED,OK - baris IMP-2026 di prod = Excel bersih
MG-2604-BH0068,2026-07-01,IMP-2026-MG-2604-BH0068-001,82.0,YARD,FOB,PASSED,OK - baris IMP-2026 di prod = Excel bersih
MG-2604-BH0068,2026-07-01,IMP-2026-MG-2604-BH0068-002,112.0,YARD,FOB,PASSED,OK - baris IMP-2026 di prod = Excel bersih
MG-2604-BH0068,2026-07-01,IMP-2026-MG-2604-BH0068-003,141.0,YARD,FOB,PASSED,OK - baris IMP-2026 di prod = Excel bersih
MG-2604-BH0068,2026-07-01,IMP-2026-MG-2604-BH0068-004,80.0,YARD,FOB,PASSED,OK - baris IMP-2026 di prod = Excel bersih
MG-2604-BH0068,2026-07-01,IMP-2026-MG-2604-BH0068-005,77.0,YARD,FOB,PASSED,OK - baris IMP-2026 di prod = Excel bersih
MG-2604-BH0068,2026-07-01,IMP-2026-MG-2604-BH0068-006,75.0,YARD,FOB,PASSED,OK - baris IMP-2026 di prod = Excel bersih
MG-2604-BH0068,2026-07-01,IMP-2026-MG-2604-BH0068-007,149.0,YARD,FOB,PASSED,OK - baris IMP-2026 di prod = Excel bersih
MG-2604-BH0068,2026-07-01,IMP-2026-MG-2604-BH0068-008,165.0,YARD,FOB,PASSED,OK - baris IMP-2026 di prod = Excel bersih
MG-2604-BH0068,2026-07-01,IMP-2026-MG-2604-BH0068-009,85.0,YARD,FOB,PASSED,OK - baris IMP-2026 di prod = Excel bersih
MG-2604-BH0068,2026-07-01,IMP-2026-MG-2604-BH0068-010,56.0,YARD,FOB,PASSED,OK - baris IMP-2026 di prod = Excel bersih
MG-2604-BH0068,2026-07-01,IMP-2026-MG-2604-BH0068-011,70.0,YARD,FOB,PASSED,OK - baris IMP-2026 di prod = Excel bersih
MG-2604-BH0068,2026-07-01,IMP-2026-MG-2604-BH0068-012,62.0,YARD,FOB,PASSED,OK - baris IMP-2026 di prod = Excel bersih
MG-2604-BH0068,2026-07-01,IMP-2026-MG-2604-BH0068-013,69.0,YARD,FOB,PASSED,OK - baris IMP-2026 di prod = Excel bersih
MG-2604-BH0068,2026-07-01,IMP-2026-MG-2604-BH0068-014,54.0,YARD,FOB,PASSED,OK - baris IMP-2026 di prod = Excel bersih
MG-2604-BH0069,2026-07-02,IMP-2026-MG-2604-BH0069-001,14.1,YARD,FOB,PASSED,OK - baris IMP-2026 di prod = Excel bersih
MG-2604-BH0069,2026-07-02,IMP-2026-MG-2604-BH0069-002,8.1,YARD,FOB,PASSED,OK - baris IMP-2026 di prod = Excel bersih
MG-2604-BH0070,2026-07-02,IMP-2026-MG-2604-BH0070-001,2300.65,YARD,FOB,PASSED,OK - baris IMP-2026 di prod = Excel bersih
MG-2604-BH0071,2026-07-03,IMP-2026-MG-2604-BH0071-001,223.7,YARD,FOB,PASSED,OK - baris IMP-2026 di prod = Excel bersih
MG-2604-BH0071,2026-07-03,IMP-2026-MG-2604-BH0071-002,803.54,YARD,FOB,PASSED,OK - baris IMP-2026 di prod = Excel bersih
MG-2604-BH0072,2026-07-03,IMP-2026-MG-2604-BH0072-001,300.8,YARD,FOB,PASSED,OK - baris IMP-2026 di prod = Excel bersih
MG-2604-BH0072,2026-07-03,IMP-2026-MG-2604-BH0072-002,95.83,YARD,FOB,PASSED,OK - baris IMP-2026 di prod = Excel bersih
MG-2604-BH0072,2026-07-03,IMP-2026-MG-2604-BH0072-003,601.75,YARD,FOB,PASSED,OK - baris IMP-2026 di prod = Excel bersih
MG-2604-BH0073,2026-07-02,IMP-2026-MG-2604-BH0073-001,100.0,YARD,FOB,PASSED,OK - baris IMP-2026 di prod = Excel bersih
MG-2604-BH0074,2026-07-02,IMP-2026-MG-2604-BH0074-001,100.0,YARD,FOB,PASSED,OK - baris IMP-2026 di prod = Excel bersih
MG-2604-BH0075,2026-07-08,IMP-2026-MG-2604-BH0075-001,366.0,YARD,FOB,PASSED,OK - baris IMP-2026 di prod = Excel bersih
MG-2604-BH0075,2026-07-08,IMP-2026-MG-2604-BH0075-002,785.99,YARD,FOB,PASSED,OK - baris IMP-2026 di prod = Excel bersih
MG-2604-BH0075,2026-07-08,IMP-2026-MG-2604-BH0075-003,570.1,YARD,FOB,PASSED,OK - baris IMP-2026 di prod = Excel bersih
MG-2604-BH0075,2026-07-08,IMP-2026-MG-2604-BH0075-004,1079.93,YARD,FOB,PASSED,OK - baris IMP-2026 di prod = Excel bersih
MG-2604-BH0076,2026-07-08,IMP-2026-MG-2604-BH0076-001,1317.5,YARD,FOB,PASSED,OK - baris IMP-2026 di prod = Excel bersih
MG-2604-BH0076,2026-07-08,IMP-2026-MG-2604-BH0076-002,1116.0,YARD,FOB,PASSED,OK - baris IMP-2026 di prod = Excel bersih
MG-2604-BH0076,2026-07-08,IMP-2026-MG-2604-BH0076-003,438.98,YARD,FOB,PASSED,OK - baris IMP-2026 di prod = Excel bersih
MG-2604-BH0076,2026-07-08,IMP-2026-MG-2604-BH0076-004,305.58,YARD,FOB,PASSED,OK - baris IMP-2026 di prod = Excel bersih
MG-2604-BH0077,2026-07-08,IMP-2026-MG-2604-BH0077-001,1248.66,YARD,FOB,PASSED,OK - baris IMP-2026 di prod = Excel bersih
MG-2604-BH0077,2026-07-08,IMP-2026-MG-2604-BH0077-002,1008.75,YARD,FOB,PASSED,OK - baris IMP-2026 di prod = Excel bersih
MG-2604-BH0077,2026-07-08,IMP-2026-MG-2604-BH0077-003,906.87,YARD,FOB,PASSED,OK - baris IMP-2026 di prod = Excel bersih
MG-2604-BH0078,2026-07-08,IMP-2026-MG-2604-BH0078-001,116.0,YARD,FOB,PASSED,OK - baris IMP-2026 di prod = Excel bersih
MG-2604-BH0078,2026-07-08,IMP-2026-MG-2604-BH0078-002,1948.06,YARD,FOB,PASSED,OK - baris IMP-2026 di prod = Excel bersih
MG-2604-BH0078,2026-07-08,IMP-2026-MG-2604-BH0078-003,174.71,YARD,FOB,PASSED,OK - baris IMP-2026 di prod = Excel bersih
MG-2604-BH0078,2026-07-08,IMP-2026-MG-2604-BH0078-004,1309.39,YARD,FOB,PASSED,OK - baris IMP-2026 di prod = Excel bersih
MG-2604-BH0079,2026-07-07,IMP-2026-MG-2604-BH0079-001,4398.0,YARD,FOB,PASSED,OK - baris IMP-2026 di prod = Excel bersih
MG-2604-BH0080,2026-07-07,IMP-2026-MG-2604-BH0080-001,1667.0,YARD,FOB,PASSED,OK - baris IMP-2026 di prod = Excel bersih
MG-2604-BH0081,2026-07-07,IMP-2026-MG-2604-BH0081-001,1999.0,YARD,FOB,PASSED,OK - baris IMP-2026 di prod = Excel bersih
MG-2604-BH0082,2026-07-07,IMP-2026-MG-2604-BH0082-001,1404.0,YARD,FOB,PASSED,OK - baris IMP-2026 di prod = Excel bersih
MG-2604-BH0069,2026-07-02,IMP-2026-MG-2604-BH0069-003,13.2,YARD,FOB,PASSED,OK - baris IMP-2026 di prod = Excel bersih
MG-2604-BH0083,2026-07-04,IMP-2026-MG-2604-BH0083-001,630.0,YARD,CMT,PASSED,OK - baris IMP-2026 di prod = Excel bersih
MG-2604-BH0084,2026-07-08,IMP-2026-MG-2604-BH0084-001,50.0,YARD,FOB,PASSED,OK - baris IMP-2026 di prod = Excel bersih
MG-2604-BH0085,2026-07-09,IMP-2026-MG-2604-BH0085-001,667.54,YARD,FOB,PASSED,OK - baris IMP-2026 di prod = Excel bersih
MG-2604-BH0086,2026-07-09,IMP-2026-MG-2604-BH0086-001,2251.54,YARD,FOB,PASSED,OK - baris IMP-2026 di prod = Excel bersih
MG-2604-BH0087,2026-07-09,IMP-2026-MG-2604-BH0087-001,42.0,YARD,FOB,PASSED,OK - baris IMP-2026 di prod = Excel bersih
MG-2604-BH0088,2026-07-14,IMP-2026-MG-2604-BH0088-001,1680.0,YARD,FOB,PASSED,OK - baris IMP-2026 di prod = Excel bersih
MG-2604-BH0110,2026-07-22,IMP-2026-MG-2604-BH0110-001,437.0,YARD,FOB,PASSED,OK - baris IMP-2026 di prod = Excel bersih
MG-2604-BH0059,2026-06-15,IMP-2026-MG-2604-BH0059-002,145.0,YARD,FOB,PASSED,OK - baris IMP-2026 di prod = Excel bersih
MG-2604-BH0109,2026-07-18,IMP-2026-MG-2604-BH0109-001,1697.0,YARD,FOB,PASSED,OK - baris IMP-2026 di prod = Excel bersih
MG-2604-BH0108,2026-07-18,IMP-2026-MG-2604-BH0108-001,400.84,YARD,FOB,PASSED,OK - baris IMP-2026 di prod = Excel bersih
MG-2604-BH0107,2026-07-17,IMP-2026-MG-2604-BH0107-001,134.0,YARD,FOB,PASSED,OK - baris IMP-2026 di prod = Excel bersih
MG-2604-BH0106,2026-07-17,IMP-2026-MG-2604-BH0106-001,270.0,YARD,FOB,PASSED,OK - baris IMP-2026 di prod = Excel bersih
MG-2604-BH0104,2026-07-08,IMP-2026-MG-2604-BH0104-001,432.0,YARD,CMT,PASSED,OK - baris IMP-2026 di prod = Excel bersih
MG-2604-BH0105,2026-07-08,IMP-2026-MG-2604-BH0105-001,1093.0,YARD,CMT,PASSED,OK - baris IMP-2026 di prod = Excel bersih
MG-2604-BH0089,2026-07-28,IMP-2026-MG-2604-BH0089-001,400.0,YARD,CMT,PASSED,OK - baris IMP-2026 di prod = Excel bersih
MG-2604-BH0090,2026-07-25,IMP-2026-MG-2604-BH0090-001,69.75,KG,FOB,PASSED,OK - baris IMP-2026 di prod = Excel bersih
MG-2604-BH0090,2026-07-25,IMP-2026-MG-2604-BH0090-002,69.35,KG,FOB,PASSED,OK - baris IMP-2026 di prod = Excel bersih
MG-2604-BH0091,2026-07-30,IMP-2026-MG-2604-BH0091-001,1873.64,YARD,FOB,PASSED,OK - baris IMP-2026 di prod = Excel bersih
MG-2604-BH0092,2026-07-30,IMP-2026-MG-2604-BH0092-001,101.66,YARD,FOB,PASSED,OK - baris IMP-2026 di prod = Excel bersih
MG-2604-BH0093,2026-08-01,IMP-2026-MG-2604-BH0093-001,941.1,YARD,FOB,PASSED,OK - baris IMP-2026 di prod = Excel bersih
MG-2604-BH0094,2026-08-01,IMP-2026-MG-2604-BH0094-001,2047.0,YARD,FOB,PASSED,OK - baris IMP-2026 di prod = Excel bersih
MG-2604-BH0095,2026-08-03,IMP-2026-MG-2604-BH0095-001,162.6,YARD,FOB,PASSED,OK - baris IMP-2026 di prod = Excel bersih
MG-2604-BH0096,2026-08-05,IMP-2026-MG-2604-BH0096-001,232.0,YARD,FOB,PASSED,OK - baris IMP-2026 di prod = Excel bersih
MG-2604-BH0097,2026-08-05,IMP-2026-MG-2604-BH0097-001,1000.0,YARD,FOB,PASSED,OK - baris IMP-2026 di prod = Excel bersih
MG-2604-BH0098,2026-08-05,IMP-2026-MG-2604-BH0098-001,693.0,YARD,CASH,PASSED,OK - baris IMP-2026 di prod = Excel bersih
MG-2604-BH0099,2026-08-08,IMP-2026-MG-2604-BH0099-001,855.0,YARD,CASH,PASSED,OK - baris IMP-2026 di prod = Excel bersih
MG-2604-BH0100,2026-08-11,IMP-2026-MG-2604-BH0100-001,500.0,YARD,FOB,PASSED,OK - baris IMP-2026 di prod = Excel bersih
MG-2604-BH0101,2026-08-11,IMP-2026-MG-2604-BH0101-001,1243.0,YARD,CMT,PASSED,OK - baris IMP-2026 di prod = Excel bersih
MG-2604-BH0102,2026-08-11,IMP-2026-MG-2604-BH0102-001,945.0,YARD,FOB,PASSED,OK - baris IMP-2026 di prod = Excel bersih
MG-2604-BH0072,2026-07-03,IMP-2026-MG-2604-BH0072-004,1070.84,YARD,FOB,PASSED,OK - baris IMP-2026 di prod = Excel bersih
MG-2604-BH0085,2026-07-09,IMP-2026-MG-2604-BH0085-002,1546.09,YARD,FOB,PASSED,OK - baris IMP-2026 di prod = Excel bersih
MG-2604-BH0111,2026-08-13,IMP-2026-MG-2604-BH0111-001,1621.5,YARD,FOB,PASSED,OK - baris IMP-2026 di prod = Excel bersih
MG-2604-BH0112,2026-08-13,IMP-2026-MG-2604-BH0112-001,349.0,YARD,FOB,PASSED,OK - baris IMP-2026 di prod = Excel bersih
MG-2604-BH0113,2026-08-13,IMP-2026-MG-2604-BH0113-001,110.0,YARD,FOB,PASSED,OK - baris IMP-2026 di prod = Excel bersih
MG-2604-BH0103,2026-08-13,IMP-2026-MG-2604-BH0103-001,52.15,YARD,CASH,PASSED,OK - baris IMP-2026 di prod = Excel bersih
MG-2604-BH0114,2026-08-18,IMP-2026-MG-2604-BH0114-001,1599.0,YARD,FOB,PASSED,OK - baris IMP-2026 di prod = Excel bersih
MG-2604-BH0115,2026-08-18,IMP-2026-MG-2604-BH0115-001,1156.5,YARD,FOB,PASSED,OK - baris IMP-2026 di prod = Excel bersih
MG-2604-BH0116,2026-08-18,IMP-2026-MG-2604-BH0116-001,1100.0,YARD,FOB,PASSED,OK - baris IMP-2026 di prod = Excel bersih
MG-2604-BH0117,2026-08-18,IMP-2026-MG-2604-BH0117-001,321.0,YARD,FOB,PASSED,OK - baris IMP-2026 di prod = Excel bersih
MG-2604-BH0118,2026-08-13,IMP-2026-MG-2604-BH0118-001,838.0,YARD,FOB,PASSED,OK - baris IMP-2026 di prod = Excel bersih
MG-2604-BH0119,2026-08-18,IMP-2026-MG-2604-BH0119-001,136.0,YARD,FOB,PASSED,OK - baris IMP-2026 di prod = Excel bersih
MG-2604-BH0120,2026-08-18,IMP-2026-MG-2604-BH0120-001,356.0,YARD,FOB,PASSED,OK - baris IMP-2026 di prod = Excel bersih
MG-2604-BH0121,2026-08-26,IMP-2026-MG-2604-BH0121-001,1035.0,YARD,FOB,PASSED,OK - baris IMP-2026 di prod = Excel bersih
MG-2604-BH0122,2026-08-27,IMP-2026-MG-2604-BH0122-001,1671.0,YARD,FOB,PASSED,OK - baris IMP-2026 di prod = Excel bersih
MG-2604-BH0123,2026-08-27,IMP-2026-MG-2604-BH0123-001,193.0,YARD,FOB,PASSED,OK - baris IMP-2026 di prod = Excel bersih
MG-2604-BH0124,2026-08-27,IMP-2026-MG-2604-BH0124-001,2005.0,YARD,FOB,PASSED,OK - baris IMP-2026 di prod = Excel bersih
