so_number,brand,style_name,_REKONSILIASI
SO-MG260001,WILMER STUDIOS,KEMEJA PIQUE SAKU HITAM,OK - SO ada di prod
SO-MG260002,WILMER STUDIOS,KEMEJA PIQUE SAKU PUTIH,OK - SO ada di prod
SO-MG260003,INSIGHT ( SMBU ),FLANELLA LONG SHIRT,OK - SO ada di prod
SO-MG260004,VOXFLY ( SMBU ),WIND MILD BLACK,selisih diselesaikan oleh sheet Monitoring: BEDA brand: excel=VOXFLY ( SMBU ) prod_buyer=WILMER STUDIOS
SO-MG260006,VOXFLY ( SMBU ),WIND MILD BLUE,OK - SO ada di prod
SO-MG260007,WARNING,DECOTTON 2.433,OK - SO ada di prod
SO-MG260008,WARNING,DECOTTON 2.434,OK - SO ada di prod
SO-MG260009,WARNING,DECOTTON 2.435,OK - SO ada di prod
SO-MG260010,VOXFLY ( SMBU ),SKULLY SHIRT BENDERA PUTIH,OK - SO ada di prod
SO-MG260011,FADFAD,WOMEN'S LONG SLEEVED SIDE,OK - SO ada di prod
SO-MG260012,VOXFLY ( SMBU ),SKULLY SHIRT BENDERA COKLAT,OK - SO ada di prod
SO-MG260013,INSIGHT ( SMBU ),ROTTEN KHAKY,OK - SO ada di prod
SO-MG260014,INSIGHT ( SMBU ),ROTTEN DRAK GREY,OK - SO ada di prod
SO-MG260015,FADFAD,SER ATASAN ROK 126973,OK - SO ada di prod
SO-MG260016,WARNING,PERSISTENT#1 V2 HITAM,OK - SO ada di prod
SO-MG260017,WARNING,PERSISTENT#1 V2 PUTIH,OK - SO ada di prod
SO-MG260018,WARNING,HAVERN LN#1,OK - SO ada di prod
SO-MG260019,WARNING,HAVERN LN#2,OK - SO ada di prod
SO-MG260020,WILMER STUDIOS,KMJ SALUR KECIL PLAKET KE LUAR,OK - SO ada di prod
SO-MG260021,WILMER STUDIOS,KMJ SALUR SEDANG PLAKET KE LUAR,OK - SO ada di prod
SO-MG260022,WILMER STUDIOS,KMJ SALUR SEDANG PLAKET KE DALAM,OK - SO ada di prod
SO-MG260023,FADFAD,KMJ SALUR MERAH,OK - SO ada di prod
SO-MG260024,PAMOKIDS,OVERALL PAMOKIDS 3 WARNA,OK - SO ada di prod
SO-MG260025,VOXFLY ( SMBU ),SAMURAI,OK - SO ada di prod
SO-MG260026,NEVER SURRENDER,DENIM RAW (VORTEX),OK - SO ada di prod
SO-MG260027,NEVER SURRENDER,DENIM RIPPED,OK - SO ada di prod
SO-MG260028,NEVER SURRENDER,DENIM  BLUE WHISKER,OK - SO ada di prod
SO-MG260029,NEVER SURRENDER,DENIM  BLACK WHISKER,OK - SO ada di prod
SO-MG260030,NEVER SURRENDER,DENIM SNOW  BLACK,OK - SO ada di prod
SO-MG260031,CAMO WARBROKE,KMJ PJG BASIC O9292,OK - SO ada di prod
SO-MG260032,CAMO WARBROKE,KMJ PJG BASIC O9293,OK - SO ada di prod
SO-MG260033,CAMO WARBROKE,KMJ PDK BASIC O9294,OK - SO ada di prod
SO-MG260034,CAMO WARBROKE,KMJ PDK BASIC O9295,OK - SO ada di prod
SO-MG260035,FADFAD,SATU SET FADFAD,OK - SO ada di prod
SO-MG260036,WARNING,STRIATA#1,OK - SO ada di prod
SO-MG260037,WARNING,STRIATA#3,OK - SO ada di prod
SO-MG260038,WARNING,STRIATA#4,OK - SO ada di prod
SO-MG260039,WARNING,CORELINE CY#1,OK - SO ada di prod
SO-MG260040,WARNING,CORELINE CY#2,OK - SO ada di prod
SO-MG260041,WARNING,CORDIER CY#1,OK - SO ada di prod
SO-MG260042,WARNING,CORDIER CY#2,OK - SO ada di prod
SO-MG260043,WARNING,CORDIER CY#3,OK - SO ada di prod
SO-MG260044,WARNING,CORDIER CY#4,OK - SO ada di prod
SO-MG260045,WARNING,VAVERN LN#3,OK - SO ada di prod
SO-MG260046,WILMER STUDIOS,KMJ BASIC SAKU BLACK (04),OK - SO ada di prod
SO-MG260047,WILMER STUDIOS,KMJ BASIC SAKU PUTIH (04),OK - SO ada di prod
SO-MG260048,TRAVEOLOGY,JEANS JACKET INDIGO BLUE,OK - SO ada di prod
SO-MG260049,TRAVEOLOGY,JEANS JACKET LIGHT BLUE,OK - SO ada di prod
SO-MG260050,AL-ITIHAD,SERAGAM AL-ITIHAD,OK - SO ada di prod
SO-MG260051,FADFAD,SET SETELAN 260414668 (ATASAN),OK - SO ada di prod
SO-MG260052,FADFAD,SET SETELAN 260414668 (CELANA),OK - SO ada di prod
SO-MG260053,WARNING,"DENIMES 2,58 ( REGULER )",OK - SO ada di prod
SO-MG260054,WARNING,BENNET,OK - SO ada di prod
SO-MG260055,WARNING,HALFDAN,OK - SO ada di prod
SO-MG260056,SERAGAM,KEMEJA JEANS PANJANG,OK - SO ada di prod
SO-MG260057,WARNING,DENIMES 1.393,OK - SO ada di prod
SO-MG260058,FADFAD,KEMEJA 129276,OK - SO ada di prod
SO-MG260059,FADFAD,KEMEJA 129277,OK - SO ada di prod
SO-MG260060,FADFAD,SATU SET 118922,OK - SO ada di prod
SO-MG260061,INSIGHT ( SMBU ),51 DOLAR,OK - SO ada di prod
SO-MG260062,OXFOORD,NEW OUTER BUTTON BEIGE,OK - SO ada di prod
SO-MG260063,OXFOORD,NEW OUTER BUTTON DRAK GREY,OK - SO ada di prod
SO-MG260064,OXFOORD,NEW OUTER BUTTON BLACK,OK - SO ada di prod
SO-MG260065,OXFOORD,NEW OUTER BUTTON TAUPE,OK - SO ada di prod
SO-MG260066,OXFOORD,NEW OUTER ZIPPER BEIGE,OK - SO ada di prod
SO-MG260067,OXFOORD,NEW OUTER ZIPPER DRAK GREY,OK - SO ada di prod
SO-MG260068,OXFOORD,NEW OUTER ZIPPER BLACK,OK - SO ada di prod
SO-MG260069,OXFOORD,NEW OUTER ZIPPER TAUPE,OK - SO ada di prod
SO-MG260070,OXFOORD,REXTURED SHIRT BLACK,OK - SO ada di prod
SO-MG260071,OXFOORD,REXTURED SHIRT CHATIME,OK - SO ada di prod
SO-MG260072,OXFOORD,REXTURED SHIRT JEANS,OK - SO ada di prod
SO-MG260073,OXFOORD,REXTURED SHIRT ASPARAGUS,OK - SO ada di prod
SO-MG260074,OXFOORD,REXTURED SHIRT COCOA,OK - SO ada di prod
SO-MG260075,OXFOORD,REXTURED SHIRT BUBLEGUM,OK - SO ada di prod
SO-MG260076,WARNING,ARVYN LN#1  18,OK - SO ada di prod
SO-MG260077,WARNING,ARVYN LN#2 18,OK - SO ada di prod
SO-MG260078,WARNING,SKIVE LN#5 REG-FIT,selisih diselesaikan oleh sheet Monitoring: BEDA style_name: excel='SKIVE LN#5 REG-FIT' prod='SKIVE LN#5 REG FIT'
SO-MG260079,WARNING,ARVYN LN#6 18,OK - SO ada di prod
SO-MG260080,WARNING,VELAR LV#1 18,OK - SO ada di prod
SO-MG260081,WARNING,VELAR LV#2 18,OK - SO ada di prod
SO-MG260082,WARNING,VELAR LV#5 18,OK - SO ada di prod
SO-MG260083,WARNING,VELAR LV#6 18,OK - SO ada di prod
SO-MG260084,WARNING,SKIVE LN#1 REG-FIT,OK - SO ada di prod
SO-MG260085,WARNING,SKIVE LN#6 REG FIT,OK - SO ada di prod
SO-MG260086,WARNING,AVIGNON LN#1 REG FIT,OK - SO ada di prod
SO-MG260087,WARNING,AVIGNON LN#6 REG FIT,OK - SO ada di prod
SO-MG260088,WARNING,ENTDECKEN#1,OK - SO ada di prod
SO-MG260089,WARNING,ENTDECKEN#2,OK - SO ada di prod
SO-MG260090,WARNING,ENTDECKEN#3,OK - SO ada di prod
SO-MG260091,WARNING,ENTDECKEN#4,OK - SO ada di prod
SO-MG260092,WILMER STUDIOS,KMJ BASIC SAKU PUTIH (05),OK - SO ada di prod
SO-MG260093,WILMER STUDIOS,KMJ BASIC TANPA SAKU PUTIH (05),OK - SO ada di prod
SO-MG260094,GOTO FADFAD,FADSM25111999 SATU SET,OK - SO ada di prod
SO-MG260095,GOTO FADFAD,CHCXX26040809 SATU SET,OK - SO ada di prod
SO-MG260096,GOTO FADFAD,FADAH26032726,OK - SO ada di prod
SO-MG260097,GOTO FADFAD,FADFF25111803,OK - SO ada di prod
SO-MG260098,GOTO FADFAD,CHCXX26011621,OK - SO ada di prod
SO-MG260099,GOTO FADFAD,CHCKL26030436 BLUE,OK - SO ada di prod
SO-MG260100,GOTO FADFAD,CHCKL26030436 GREEN,OK - SO ada di prod
SO-MG260101,GOTO FADFAD,CHCKL26030436 PINK,OK - SO ada di prod
SO-MG260102,TRAVEOLOGY,WIDE CARGO -1,OK - SO ada di prod
SO-MG260103,TRAVEOLOGY,WIDE CARGO -2,OK - SO ada di prod
SO-MG260104,TRAVEOLOGY,WIDE CARGO -3,OK - SO ada di prod
SO-MG260105,TRAVEOLOGY,WIDE CARGO -4,OK - SO ada di prod
SO-MG260106,PAMOKIDS,GIGGLEWS OVERALL MR,OK - SO ada di prod
SO-MG260107,PAMOKIDS,GIGGLEWS OVERALL MS,OK - SO ada di prod
SO-MG260108,WARNING,"DECOTTON 1,650",OK - SO ada di prod
SO-MG260109,WARNING,"DECOTTON 1,651",OK - SO ada di prod
SO-MG260110,WARNING,"DECOTTON 1,653",OK - SO ada di prod
SO-MG260111,GOTO FADFAD,CHCXX26041309,OK - SO ada di prod
SO-MG260112,DELUSI,CHINOS PANJANG REGULER,OK - SO ada di prod
SO-MG260113,DELUSI,CHINOS PANJANG REGULER,OK - SO ada di prod
SO-MG260114,GOTO FADFAD,FADSS25121730,OK - SO ada di prod
SO-MG260115,SEVENTYFOUR,SOIL CRG PJ#1,selisih diselesaikan oleh sheet Monitoring: BEDA style_name: excel='SOIL CRG PJ#1' prod='SOIL CRG PJ#1 ARMY'
SO-MG260116,SEVENTYFOUR,SOIL CRG PJ#2,selisih diselesaikan oleh sheet Monitoring: BEDA style_name: excel='SOIL CRG PJ#2' prod='SOIL CRG PJ#2 BLACK'
SO-MG260117,SEVENTYFOUR,SOIL CRG PJ#3,selisih diselesaikan oleh sheet Monitoring: BEDA style_name: excel='SOIL CRG PJ#3' prod='SOIL CRG PJ#3 KHAKY'
SO-MG260118,SEVENTYFOUR,SOIL CRG PJ#4,selisih diselesaikan oleh sheet Monitoring: BEDA style_name: excel='SOIL CRG PJ#4' prod='SOIL CRG PJ#4 BEIGE'
SO-MG260119,SEVENTYFOUR,SOIL CRG PJ#5,selisih diselesaikan oleh sheet Monitoring: BEDA style_name: excel='SOIL CRG PJ#5' prod='SOIL CRG PJ#5 ABU'
SO-MG260120,WARNING,DENIMES 2.55,OK - SO ada di prod
SO-MG260121,WARNING,DENIMES 2.57,OK - SO ada di prod
SO-MG260122,GOTO FADFAD,FADFF25111803  ( ID284332 ),OK - SO ada di prod
SO-MG260123,GOTO FADFAD,CHCXX26011621 ( ID134141 ),OK - SO ada di prod
SO-MG260124,GOTO FADFAD,FADAH26030217 ( ID121499 ),OK - SO ada di prod
SO-MG260125,GOTO FADFAD,CHCYY25050722 ( ID138133 ),OK - SO ada di prod
SO-MG260126,GOTO FADFAD,CHCYY25050722 ( ID138151 ),OK - SO ada di prod
SO-MG260127,GOTO FADFAD,FADAL26040506 ( ID286875 ),OK - SO ada di prod
SO-MG260128,WARNING,HAVERN LN#4 HTM,OK - SO ada di prod
SO-MG260129,WARNING,HAVERN LN#5 NVY,OK - SO ada di prod
SO-MG260130,WARNING,HAVERN LN#6 PTH,OK - SO ada di prod
SO-MG260131,SEVENTYFOUR,UCAD CNS PJG #1,OK - SO ada di prod
SO-MG260132,SEVENTYFOUR,UCAD CNS PJG #2,OK - SO ada di prod
SO-MG260133,SEVENTYFOUR,UCAD CNS PJG #3,OK - SO ada di prod
SO-MG260134,SEVENTYFOUR,UCAD CNS PJG #4,OK - SO ada di prod
SO-MG260135,SEVENTYFOUR,UCAD CNS PJG #5,OK - SO ada di prod
SO-MG260136,SEVENTYFOUR,STAT CNS PDK#1,OK - SO ada di prod
SO-MG260137,SEVENTYFOUR,STAT CNS PDK#2,OK - SO ada di prod
SO-MG260138,SEVENTYFOUR,STAT CNS PDK#3,OK - SO ada di prod
SO-MG260139,SEVENTYFOUR,STAT CNS PDK#4,OK - SO ada di prod
SO-MG260140,SEVENTYFOUR,STAT CNS PDK#5,OK - SO ada di prod
SO-MG260141,PLANETSUR ( SMBU ),LINIE MEN SHIRT,OK - SO ada di prod
SO-MG260142,SEVENTYFOUR,GRIT CRG PDK#1,OK - SO ada di prod
SO-MG260143,SEVENTYFOUR,GRIT CRG PDK#3,OK - SO ada di prod
SO-MG260144,SEVENTYFOUR,GRIT CRG PDK#5,OK - SO ada di prod
SO-MG260145,WARNING,DENIMES 1.459,OK - SO ada di prod
SO-MG260146,WARNING,DENIMES 1.460,OK - SO ada di prod
SO-MG260147,WARNING,DENIMES 1.461,OK - SO ada di prod
SO-MG260148,SEVENTYFOUR,ROFT#1,OK - SO ada di prod
SO-MG260149,SEVENTYFOUR,ROFT#2,OK - SO ada di prod
SO-MG260150,PAMOKIDS,GIGGLEWS OVERALL #1 NAVY,OK - SO ada di prod
SO-MG260151,PAMOKIDS,GIGGLEWS OVERALL#2 BLUE,OK - SO ada di prod
SO-MG260152,GOTO FADFAD,FADSM26051440-PO13940#01,OK - SO ada di prod
SO-MG260153,GOTO FADFAD,CHCZZ26042843-PO13998#02,OK - SO ada di prod
SO-MG260154,GOTO FADFAD,FADSS260515501-PO14012#03,OK - SO ada di prod
SO-MG260155,GOTO FADFAD,FADYY25092643-PO140132#05,OK - SO ada di prod
SO-MG260156,GOTO FADFAD,FADSS26042841-PO14080#05,OK - SO ada di prod
SO-MG260157,GOTO FADFAD,FADUU26050830-PO13908,OK - SO ada di prod
SO-MG260158,DELUSI,SEMI PARKA,OK - SO ada di prod
SO-MG260159,DELUSI,TRACKTOP JACKET,OK - SO ada di prod
SO-MG260160,DELUSI,BOARDSHORT PANTS,OK - SO ada di prod
SO-MG260161,WARNING,DENIMES 1.466,OK - SO ada di prod
SO-MG260162,WARNING,MERIDIAN FL#1,OK - SO ada di prod
SO-MG260163,WARNING,MERIDIAN FL#2,OK - SO ada di prod
SO-MG260164,WARNING,MERIDIAN FL#3,OK - SO ada di prod
SO-MG260165,WARNING,MERIDIAN FL#4,OK - SO ada di prod
SO-MG260166,WARNING,MERIDIAN FL#5,OK - SO ada di prod
SO-MG260167,WARNING,SEMPITERNAL FL#1,OK - SO ada di prod
SO-MG260168,WARNING,SEMPITERNAL FL#2,OK - SO ada di prod
SO-MG260169,WARNING,SEMPITERNAL FL#3,OK - SO ada di prod
SO-MG260170,WARNING,SEMPITERNAL FL#4,OK - SO ada di prod
SO-MG260171,WARNING,SEMPITERNAL FL#5,OK - SO ada di prod
SO-MG260172,WARNING,CATALYST FL,OK - SO ada di prod
SO-MG260173,WARNING,VESTIGE FL,OK - SO ada di prod
SO-MG260174,WARNING,AVENOR FL,OK - SO ada di prod
SO-MG260175,WARNING,ENTROPY FL,OK - SO ada di prod
SO-MG260176,WARNING,SOLTICE FL,OK - SO ada di prod
SO-MG260177,WARNING,UNEENDING FL,OK - SO ada di prod
SO-MG260178,WARNING,NORVAIN FL,OK - SO ada di prod
SO-MG260179,WARNING,SENOVAR FL,OK - SO ada di prod
SO-MG260182,WARNING,DECOTON 1.648,selisih diselesaikan oleh sheet Monitoring: BEDA style_name: excel='DECOTON 1.648' prod='DECOTON 1.654'
SO-MG260183,WARNING,THERMA#1,OK - SO ada di prod
SO-MG260184,INSIGHT ( SMBU ),BERTOLT MEN PANTS FABRIC,OK - SO ada di prod
SO-MG26100620,BINTANG MADANI,ATASAN RESMI LAKI-LAKI SD,OK - SO ada di prod
SO-MG26100621,BINTANG MADANI,ATASAN RESMI PEREMPUAN SD,OK - SO ada di prod
SO-MG26100622,BINTANG MADANI,CELANA RESMI LAKI-LAKI SD,OK - SO ada di prod
SO-MG26100623,BINTANG MADANI,CELANA RESMI PEREMPUAN SD,OK - SO ada di prod
SO-MG26100624,BINTANG MADANI,CELANA OUTBOND LK/PR SD,OK - SO ada di prod
SO-MG26100625,BINTANG MADANI,ATASAN OUTBOND LK/PR SD,OK - SO ada di prod
SO-MG26100626,BINTANG MADANI,CELANA OLAHRAGA SD,OK - SO ada di prod
SO-MG26100627,BINTANG MADANI,BAJU OLAHRAGA SD,OK - SO ada di prod
SO-MG26100628,BINTANG MADANI,BAJU OLAHRAGA SMP,OK - SO ada di prod
SO-MG26100629,BINTANG MADANI,CELANA OLAHRAGA LAKI-LAKI SMP,OK - SO ada di prod
SO-MG26100630,BINTANG MADANI,CELANA OLAHRAGA PEREMPUAN SMP,OK - SO ada di prod
SO-MG26100631,BINTANG MADANI,BAJU POLO SHIRT LAKI-LAKI SMP,OK - SO ada di prod
SO-MG26100632,BINTANG MADANI,BAJU POLO SHIRT PEREMPUAN SMP,OK - SO ada di prod
SO-MG26100633,BINTANG MADANI,ATASAN RESMI LAKI-LAKI SMP,OK - SO ada di prod
SO-MG26100634,BINTANG MADANI,ATASAN RESMI PEREMPUAN SMP,OK - SO ada di prod
SO-MG26100635,BINTANG MADANI,CELANA RESMI LAKI-LAKI SMP,OK - SO ada di prod
SO-MG26100636,BINTANG MADANI,CELANA RESMI PEREMPUAN SMP,OK - SO ada di prod
SO-MG260185,SEVENTYFOUR,RAFT#1  CREAM,OK - SO ada di prod
SO-MG260186,SEVENTYFOUR,RAFT#1  OLIVE,OK - SO ada di prod
SO-MG260187,SEVENTYFOUR,RAFT#2 KHAKY,OK - SO ada di prod
SO-MG260188,SEVENTYFOUR,RAFT#2 ABU TUA,OK - SO ada di prod
SO-MG260189,WARNING,SPRINTON #1,OK - SO ada di prod
SO-MG260190,WARNING,SPRINTON #2,OK - SO ada di prod
SO-MG260191,SEVENTYFOUR,AKOR #1  BEIGE,OK - SO ada di prod
SO-MG260192,SEVENTYFOUR,AKOR #2 OLIVE,OK - SO ada di prod
SO-MG260193,SEVENTYFOUR,AKOR #3 BROKEN WHITE,OK - SO ada di prod
SO-MG260194,WARNING,RENOIR#1,OK - SO ada di prod
SO-MG260195,WARNING,RENOIR#2,OK - SO ada di prod
SO-MG260196,WARNING,RENOIR#3,OK - SO ada di prod
SO-MG260197,WARNING,RENOIR#4,OK - SO ada di prod
SO-MG260198,WARNING,RENOIR#5,OK - SO ada di prod
SO-MG260199,WARNING,LEVANT CY#1,OK - SO ada di prod
SO-MG260200,WARNING,LEVANT CY#2,OK - SO ada di prod
SO-MG260201,WARNING,LEVANT CY#3,OK - SO ada di prod
SO-MG260202,WARNING,LEVANT CY#4,OK - SO ada di prod
SO-MG260203,WARNING,VALMONT CY#1,OK - SO ada di prod
SO-MG260204,WARNING,VALMONT CY#2,OK - SO ada di prod
SO-MG260205,WARNING,VALMONT CY#3,OK - SO ada di prod
SO-MG260206,WARNING,VALMONT CY#4,OK - SO ada di prod
SO-MG260207,SEVENTYFOUR,APSTA#1 CREAM,OK - SO ada di prod
SO-MG260208,SEVENTYFOUR,APSTA#2 OLIVE,OK - SO ada di prod
SO-MG260209,SEVENTYFOUR,APSTA#3 BROKEN WHITE,OK - SO ada di prod
SO-MG260210,PAKDENNY,IQOS SHIRT MERAH,OK - SO ada di prod
SO-MG260211,WILMER STUDIOS,KEMEJA TOYOBO TANPA SAKU HTM,OK - SO ada di prod
SO-MG260212,WILMER STUDIOS,KEMEJA TOYOBO TANPA SAKU PUTIH,OK - SO ada di prod
SO-MG260213,WILMER STUDIOS,KEMEJA TOYOBO ADA SAKU HTM,OK - SO ada di prod
SO-MG260214,WILMER STUDIOS,KEMEJA TOYOBO ADA SAKU PTH,OK - SO ada di prod
SO-MG260215,NEVER SURRENDER,CHINOS PENDEK  HITAM,OK - SO ada di prod
SO-MG260216,NEVER SURRENDER,CHINOS PENDEK ARMY,OK - SO ada di prod
SO-MG260217,NEVER SURRENDER,CHINOS PENDEK ABU,OK - SO ada di prod
SO-MG260218,NEVER SURRENDER,CHINOS PENDEK  CREAM,OK - SO ada di prod
SO-MG260219,SEVENTYFOUR,SHSS DARIS HITAM,OK - SO ada di prod
SO-MG260220,SEVENTYFOUR,SHSS DARIS SAGE GREEN,OK - SO ada di prod
SO-MG260221,SEVENTYFOUR,SHSS DARIS POWDER BLUE,OK - SO ada di prod
SO-MG260222,SEVENTYFOUR,SHSS DARIS CREAM,OK - SO ada di prod
SO-MG260223,SEVENTYFOUR,SHSS DARIS TAUPE,OK - SO ada di prod
SO-MG260224,SEVENTYFOUR,SHSS DARIS BLUE,OK - SO ada di prod
SO-MG260225,SEVENTYFOUR,SHSS DARIS WHITE,OK - SO ada di prod
SO-MG260226,NEVER SURRENDER,CHINOS PANJANG  HITAM,OK - SO ada di prod
SO-MG260227,NEVER SURRENDER,CHINOS PANJANG ARMY,OK - SO ada di prod
SO-MG260228,NEVER SURRENDER,CHINOS PANJANG ABU,OK - SO ada di prod
SO-MG260229,NEVER SURRENDER,CHINOS PANJANG CREAM,OK - SO ada di prod
SO-MG260230,SMBU,CRAZED PAPAYA MEN LONG SHIRT,OK - SO ada di prod
SO-MG260231,SMBU,CRAZED PAPAYA MEN LONG SHIRT,OK - SO ada di prod
SO-MG260232,SMBU,CAMERON MEN LONG SHIRT,OK - SO ada di prod
SO-MG260233,SMBU,CAMERON MEN LONG SHIRT,OK - SO ada di prod
SO-MG260234,SMBU,BALD NAVY,OK - SO ada di prod
SO-MG260235,NEVER SURRENDER,LOOSE CARGO HITAM,OK - SO ada di prod
SO-MG260236,NEVER SURRENDER,LOOSE CARGO ARMY,OK - SO ada di prod
SO-MG260237,NEVER SURRENDER,LOOSE CARGO ABU,OK - SO ada di prod
SO-MG260238,NEVER SURRENDER,LOOSE CARGO CREAM,OK - SO ada di prod
SO-MG260239,NEVER SURRENDER,ANGKLEPANTS HITAM,OK - SO ada di prod
SO-MG260240,NEVER SURRENDER,ANGKLEPANTS ARMY,OK - SO ada di prod
SO-MG260241,NEVER SURRENDER,ANGKLEPANTS ABU,OK - SO ada di prod
SO-MG260242,NEVER SURRENDER,ANGKLEPANTS CREAM,OK - SO ada di prod
SO-MG260243,WARNING,DENIMES 1.462,OK - SO ada di prod
SO-MG260244,WARNING,DENIMES 1.465,OK - SO ada di prod
SO-MG260245,DELUSI,CARPENTER,OK - SO ada di prod
SO-MG260246,DELUSI,WORK JACKET,OK - SO ada di prod
SO-MG260247,SEVENTYFOUR,SHLS SARIS HITAM,OK - SO ada di prod
SO-MG260248,SEVENTYFOUR,SHLS SARIS SAGE GREEN,OK - SO ada di prod
SO-MG260249,SEVENTYFOUR,SHLS SARIS POWDE R BLUE,OK - SO ada di prod
SO-MG260250,SEVENTYFOUR,SHLS SARIS CREAM,OK - SO ada di prod
SO-MG260251,SEVENTYFOUR,SHLS SARIS TAUPE,OK - SO ada di prod
SO-MG260252,SEVENTYFOUR,SHLS SARIS BLUE,OK - SO ada di prod
SO-MG260253,SEVENTYFOUR,SHLS SARIS PUTIH,OK - SO ada di prod
SO-MG260254,WARNING,DENIMES 1.463,OK - SO ada di prod
SO-MG260255,WARNING,DENIMES 1.464,OK - SO ada di prod
SO-MG260256,SGI,CELANA TATA LOGAM,OK - SO ada di prod
SO-MG260257,SPYDERBILT ( SMBU ),BIVO MEN PANTS FABRIC KHAKY,OK - SO ada di prod
SO-MG260258,SPYDERBILT ( SMBU ),BIVO MEN PANTS FABRIC OLIVE,OK - SO ada di prod
SO-MG260259,SPYDERBILT ( SMBU ),BIVO MEN PANTS FABRIC DARK GREY,OK - SO ada di prod
SO-MG260260,SPYDERBILT ( SMBU ),BIVO MEN PANTS FABRIC WHEAT,OK - SO ada di prod
SO-MG260261,WARNING,THERMA#2,OK - SO ada di prod
SO-MG260262,WARNING,THERMA#4,OK - SO ada di prod
SO-MG260263,WILMER STUDIOS,KEMEJA SALUR BASIC,OK - SO ada di prod
SO-MG260264,SERPARANG,KEMEJA PENDEK HIJAU,OK - SO ada di prod
SO-MG260265,SERPARANG,CELANA  PENDEK HIJAU,selisih diselesaikan oleh sheet Monitoring: BEDA style_name: excel='CELANA  PENDEK HIJAU' prod='CELANA  PANJANG HIJAU'
SO-MG260266,INSIGHT ( SMBU ),HAKKA SHIRT WHITE,OK - SO ada di prod
SO-MG260267,WARNING,CALDER#1 HITAM,OK - SO ada di prod
SO-MG260268,WARNING,CALDER#2 ARMY,OK - SO ada di prod
SO-MG260269,WARNING,CALDER#3 COFFE,OK - SO ada di prod
SO-MG260270,WARNING,CALDER#4 MOCCA,OK - SO ada di prod
SO-MG260271,WARNING,CALDER#5 ABU TUA,OK - SO ada di prod
SO-MG260272,WARNING,CALDER#6 TAUFE,OK - SO ada di prod
SO-MG260273,WARNING,ENTDECKEN#1 HITAM,OK - SO ada di prod
SO-MG260274,WARNING,ENTDECKEN#3 MOCA,OK - SO ada di prod
SO-MG260275,WARNING,DECOTTON 1.661 HITAM,OK - SO ada di prod
SO-MG260276,WARNING,DECOTTON 1.662 DK.GREY,OK - SO ada di prod
SO-MG260277,WARNING,DECOTTON 1.663 MOCCA,OK - SO ada di prod
SO-MG260278,WARNING,DECOTTON 1.664 KHAKY,OK - SO ada di prod
SO-MG260279,WARNING,DECOTTON 1.665 LT.GREY,OK - SO ada di prod
SO-MG260280,WARNING,DECOTON 1.655 RELAXED  HITAM,OK - SO ada di prod
SO-MG260281,WARNING,DECOTON 1.656 RELAXED  COFFE,OK - SO ada di prod
SO-MG260282,WARNING,DECOTON 1.657 RELAXED  ABU TUA,OK - SO ada di prod
SO-MG260283,WARNING,DECOTON 1.658 RELAXED ARMY,OK - SO ada di prod
SO-MG260284,WARNING,DECOTON 1.659 RELAXED  MOCCA,OK - SO ada di prod
SO-MG260285,WARNING,DECOTON 1.660 RELAXED TAUFE,OK - SO ada di prod
SO-MG260286,WARNING,DENIMES 2.55 BLACK,OK - SO ada di prod
SO-MG260287,WARNING,DENIMES 2.57 BLUE,OK - SO ada di prod
SO-MG260288,WARNING,DENIMES 2.58 T. ASIN,OK - SO ada di prod
SO-MG260289,WARNING,DENIMES 2.59 T.ASN,OK - SO ada di prod
SO-MG260290,WARNING,DENIMES 1.408 MINBLUE,OK - SO ada di prod
SO-MG260291,WARNING,DENIMES 1.408 BOYFRIEND,OK - SO ada di prod
SO-MG260292,WARNING,DENIMES 1.408 BLACK,OK - SO ada di prod
SO-MG260293,WARNING,CARLISLE#2 CREM NAVY,OK - SO ada di prod
SO-MG260294,WARNING,CARLISLE#3 BLUE,OK - SO ada di prod
SO-MG260295,WARNING,CARLISLE#4 OLIVE,OK - SO ada di prod
SO-MG260296,WARNING,CARLISLE#5 SAGE,OK - SO ada di prod
SO-MG260297,WARNING,AVALANCHE FL NAVY YELLOW,OK - SO ada di prod
SO-MG260298,WARNING,BRENNER FL NAVY GREY,OK - SO ada di prod
SO-MG260299,WARNING,CRESTON FL BLACK GREY,OK - SO ada di prod
SO-MG260300,WARNING,GRAVEN FL BLACK WHITE,OK - SO ada di prod
SO-MG260301,WARNING,KARSEN FL NAVY GREEN,OK - SO ada di prod
SO-MG260302,WARNING,MOLVER FL BLACK WHITE,OK - SO ada di prod
SO-MG260303,WARNING,NORVEN FL BLACK OFF WHITE,OK - SO ada di prod
SO-MG260304,WARNING,PLAIDEN FL NAVY GREY,OK - SO ada di prod
SO-MG260305,WARNING,STELLAN FL BLACK GREY,OK - SO ada di prod
SO-MG260306,WARNING,TORVEN FL BLACK RED GREY,OK - SO ada di prod
SO-MG260307,WARNING,NORVIK FL#1 HITAM,OK - SO ada di prod
SO-MG260308,WARNING,NORVIK FL#2 NAVY,OK - SO ada di prod
SO-MG260309,WARNING,NORVIK FL#3 DRAK BROWN,OK - SO ada di prod
SO-MG260310,WARNING,NORVIK FL#4 GREEN,OK - SO ada di prod
SO-MG260311,WARNING,NORVIK FL#5 GREY,OK - SO ada di prod
SO-MG260312,WARNING,NORVIK FL#6 OFF WHITE,OK - SO ada di prod
SO-MG260313,WARNING,FIELDEN FL#1 HITAM,OK - SO ada di prod
SO-MG260314,WARNING,FIELDEN FL#2 NAVY,OK - SO ada di prod
SO-MG260315,WARNING,FIELDEN FL#3 DRAK BROWN,OK - SO ada di prod
SO-MG260316,WARNING,FIELDEN FL#4 GREEN,OK - SO ada di prod
SO-MG260317,WARNING,FIELDEN FL#5 GREY,OK - SO ada di prod
SO-MG260318,WARNING,FIELDEN FL#6 OFF WHITE,OK - SO ada di prod
