so_number,stage_name,sequence_order,vendor,surat_jalan_no,dispatch_date,qty_dispatched,received_date,qty_received,qty_reject,balance_discrepancy,status,_REKONSILIASI
SO-MG260004,PRINT_MENTAH,1,,IMP-2026-SO-MG260004-PRINT_MENTAH,2026-07-27,882,2026-07-27,882,0,0,COMPLETED,OK - sama dengan prod
SO-MG260004,SEWING_MAKLUN,3,AL-ITIHAD GARMENT,IMP-2026-SO-MG260004-SEWING_MAKLUN,2026-07-27,1494,2026-07-27,546,503,445,DISCREPANCY_FLAG,DISCREPANCY_FLAG - setia pada angka sumber (bukan bug impor)
SO-MG260004,WASHING,4,,IMP-2026-SO-MG260004-WASHING,2026-07-27,595,2026-07-27,595,0,0,COMPLETED,OK - sama dengan prod
SO-MG260004,FINISHING,6,,IMP-2026-SO-MG260004-FINISHING,2026-07-27,546,2026-07-27,546,0,0,COMPLETED,OK - sama dengan prod
SO-MG260005,SEWING_MAKLUN,3,AL-ITIHAD GARMENT,IMP-2026-SO-MG260005-SEWING_MAKLUN,2026-07-27,1060,2026-07-27,1060,542,-542,DISCREPANCY_FLAG,DISCREPANCY_FLAG - setia pada angka sumber (bukan bug impor)
SO-MG260005,WASHING,4,,IMP-2026-SO-MG260005-WASHING,2026-07-27,1060,2026-07-27,1060,0,0,COMPLETED,OK - sama dengan prod
SO-MG260005,FINISHING,6,,IMP-2026-SO-MG260005-FINISHING,2026-07-27,1060,2026-07-27,1060,0,0,COMPLETED,OK - sama dengan prod
SO-MG260025,SEWING_MAKLUN,3,AL-ITIHAD GARMENT,IMP-2026-SO-MG260025-SEWING_MAKLUN,2026-07-27,1163,2026-07-27,1154,58,-49,DISCREPANCY_FLAG,DISCREPANCY_FLAG - setia pada angka sumber (bukan bug impor)
SO-MG260025,WASHING,4,,IMP-2026-SO-MG260025-WASHING,2026-07-27,1154,2026-07-27,1154,0,0,COMPLETED,OK - sama dengan prod
SO-MG260025,FINISHING,6,,IMP-2026-SO-MG260025-FINISHING,2026-07-27,1154,2026-07-27,1154,0,0,COMPLETED,OK - sama dengan prod
SO-MG260028,SEWING_MAKLUN,3,PAK ADE CIPARAY,IMP-2026-SO-MG260028-SEWING_MAKLUN,2026-07-27,200,2026-07-27,200,0,0,COMPLETED,OK - sama dengan prod
SO-MG260028,WASHING,4,,IMP-2026-SO-MG260028-WASHING,2026-07-27,200,2026-07-27,200,0,0,COMPLETED,OK - sama dengan prod
SO-MG260028,FINISHING,6,,IMP-2026-SO-MG260028-FINISHING,2026-07-27,200,2026-07-27,200,0,0,COMPLETED,OK - sama dengan prod
SO-MG260029,SEWING_MAKLUN,3,PAK ADE CIPARAY,IMP-2026-SO-MG260029-SEWING_MAKLUN,2026-07-27,200,2026-07-27,200,0,0,COMPLETED,OK - sama dengan prod
SO-MG260029,WASHING,4,,IMP-2026-SO-MG260029-WASHING,2026-07-27,200,2026-07-27,200,0,0,COMPLETED,OK - sama dengan prod
SO-MG260029,FINISHING,6,,IMP-2026-SO-MG260029-FINISHING,2026-07-27,200,2026-07-27,200,0,0,COMPLETED,OK - sama dengan prod
SO-MG260048,SEWING_MAKLUN,3,A DADANG,IMP-2026-SO-MG260048-SEWING_MAKLUN,2026-07-27,189,2026-07-27,189,0,0,COMPLETED,OK - sama dengan prod
SO-MG260048,WASHING,4,,IMP-2026-SO-MG260048-WASHING,2026-07-27,189,2026-07-27,189,0,0,COMPLETED,OK - sama dengan prod
SO-MG260048,FINISHING,6,,IMP-2026-SO-MG260048-FINISHING,2026-07-27,189,2026-07-27,189,0,0,COMPLETED,OK - sama dengan prod
SO-MG260049,SEWING_MAKLUN,3,A DADANG,IMP-2026-SO-MG260049-SEWING_MAKLUN,2026-07-27,189,2026-07-27,189,0,0,COMPLETED,OK - sama dengan prod
SO-MG260049,WASHING,4,,IMP-2026-SO-MG260049-WASHING,2026-07-27,189,2026-07-27,189,0,0,COMPLETED,OK - sama dengan prod
SO-MG260049,FINISHING,6,,IMP-2026-SO-MG260049-FINISHING,2026-07-27,189,2026-07-27,189,0,0,COMPLETED,OK - sama dengan prod
SO-MG260061,SEWING_MAKLUN,3,AL-ITIHAD GARMENT,IMP-2026-SO-MG260061-SEWING_MAKLUN,2026-07-27,1057,2026-07-27,1050,15,-8,DISCREPANCY_FLAG,DISCREPANCY_FLAG - setia pada angka sumber (bukan bug impor)
SO-MG260061,WASHING,4,,IMP-2026-SO-MG260061-WASHING,2026-07-27,961,2026-07-27,961,0,0,COMPLETED,OK - sama dengan prod
SO-MG260061,FINISHING,6,,IMP-2026-SO-MG260061-FINISHING,2026-07-27,1050,2026-07-27,1050,0,0,COMPLETED,OK - sama dengan prod
SO-MG260062,SEWING_MAKLUN,3,Pa Aep,IMP-2026-SO-MG260062-SEWING_MAKLUN,2026-07-27,166,2026-07-27,166,0,0,COMPLETED,OK - sama dengan prod
SO-MG260062,FINISHING,6,,IMP-2026-SO-MG260062-FINISHING,2026-07-27,166,2026-07-27,166,0,0,COMPLETED,OK - sama dengan prod
SO-MG260063,SEWING_MAKLUN,3,Pa Aep,IMP-2026-SO-MG260063-SEWING_MAKLUN,2026-07-27,167,2026-07-27,167,0,0,COMPLETED,OK - sama dengan prod
SO-MG260063,FINISHING,6,,IMP-2026-SO-MG260063-FINISHING,2026-07-27,167,2026-07-27,167,0,0,COMPLETED,OK - sama dengan prod
SO-MG260064,SEWING_MAKLUN,3,Pa Aep,IMP-2026-SO-MG260064-SEWING_MAKLUN,2026-07-27,164,2026-07-27,164,0,0,COMPLETED,OK - sama dengan prod
SO-MG260064,FINISHING,6,,IMP-2026-SO-MG260064-FINISHING,2026-07-27,164,2026-07-27,164,0,0,COMPLETED,OK - sama dengan prod
SO-MG260065,SEWING_MAKLUN,3,Pa Aep,IMP-2026-SO-MG260065-SEWING_MAKLUN,2026-07-27,166,2026-07-27,166,0,0,COMPLETED,OK - sama dengan prod
SO-MG260065,FINISHING,6,,IMP-2026-SO-MG260065-FINISHING,2026-07-27,166,2026-07-27,166,0,0,COMPLETED,OK - sama dengan prod
SO-MG260066,SEWING_MAKLUN,3,A DADANG,IMP-2026-SO-MG260066-SEWING_MAKLUN,2026-07-27,138,2026-07-27,138,0,0,COMPLETED,OK - sama dengan prod
SO-MG260066,FINISHING,6,,IMP-2026-SO-MG260066-FINISHING,2026-07-27,138,2026-07-27,138,0,0,COMPLETED,OK - sama dengan prod
SO-MG260067,SEWING_MAKLUN,3,MASTER PA PIAN,IMP-2026-SO-MG260067-SEWING_MAKLUN,2026-07-27,125,2026-07-27,125,0,0,COMPLETED,OK - sama dengan prod
SO-MG260067,FINISHING,6,,IMP-2026-SO-MG260067-FINISHING,2026-07-27,125,2026-07-27,125,0,0,COMPLETED,OK - sama dengan prod
SO-MG260068,SEWING_MAKLUN,3,MASTER PA PIAN,IMP-2026-SO-MG260068-SEWING_MAKLUN,2026-07-27,134,2026-07-27,134,0,0,COMPLETED,OK - sama dengan prod
SO-MG260068,FINISHING,6,,IMP-2026-SO-MG260068-FINISHING,2026-07-27,134,2026-07-27,134,0,0,COMPLETED,OK - sama dengan prod
SO-MG260069,SEWING_MAKLUN,3,A DADANG,IMP-2026-SO-MG260069-SEWING_MAKLUN,2026-07-27,71,2026-07-27,71,0,0,COMPLETED,OK - sama dengan prod
SO-MG260069,FINISHING,6,,IMP-2026-SO-MG260069-FINISHING,2026-07-27,71,2026-07-27,71,0,0,COMPLETED,OK - sama dengan prod
SO-MG260076,SEWING_MAKLUN,3,AL-ITIHAD GARMENT,IMP-2026-SO-MG260076-SEWING_MAKLUN,2026-07-27,120,2026-07-27,120,0,0,COMPLETED,OK - sama dengan prod
SO-MG260076,EMBROIDERY_JADI,5,,IMP-2026-SO-MG260076-EMBROIDERY_JADI,2026-07-27,120,2026-07-27,120,0,0,COMPLETED,OK - sama dengan prod
SO-MG260076,FINISHING,6,,IMP-2026-SO-MG260076-FINISHING,2026-07-27,120,2026-07-27,120,0,0,COMPLETED,OK - sama dengan prod
SO-MG260077,SEWING_MAKLUN,3,AL-ITIHAD GARMENT,IMP-2026-SO-MG260077-SEWING_MAKLUN,2026-07-27,120,2026-07-27,120,0,0,COMPLETED,OK - sama dengan prod
SO-MG260077,EMBROIDERY_JADI,5,,IMP-2026-SO-MG260077-EMBROIDERY_JADI,2026-07-27,120,2026-07-27,120,0,0,COMPLETED,OK - sama dengan prod
SO-MG260077,FINISHING,6,,IMP-2026-SO-MG260077-FINISHING,2026-07-27,120,2026-07-27,120,0,0,COMPLETED,OK - sama dengan prod
SO-MG260078,SEWING_MAKLUN,3,AL-ITIHAD GARMENT,IMP-2026-SO-MG260078-SEWING_MAKLUN,2026-07-27,78,2026-07-27,78,1,-1,DISCREPANCY_FLAG,DISCREPANCY_FLAG - setia pada angka sumber (bukan bug impor)
SO-MG260078,EMBROIDERY_JADI,5,,IMP-2026-SO-MG260078-EMBROIDERY_JADI,2026-07-27,78,2026-07-27,78,0,0,COMPLETED,OK - sama dengan prod
SO-MG260078,FINISHING,6,,IMP-2026-SO-MG260078-FINISHING,2026-07-27,78,2026-07-27,78,0,0,COMPLETED,OK - sama dengan prod
SO-MG260079,SEWING_MAKLUN,3,AL-ITIHAD GARMENT,IMP-2026-SO-MG260079-SEWING_MAKLUN,2026-07-27,120,2026-07-27,120,0,0,COMPLETED,OK - sama dengan prod
SO-MG260079,EMBROIDERY_JADI,5,,IMP-2026-SO-MG260079-EMBROIDERY_JADI,2026-07-27,120,2026-07-27,120,0,0,COMPLETED,OK - sama dengan prod
SO-MG260079,FINISHING,6,,IMP-2026-SO-MG260079-FINISHING,2026-07-27,120,2026-07-27,120,0,0,COMPLETED,OK - sama dengan prod
SO-MG260080,SEWING_MAKLUN,3,AL-ITIHAD GARMENT,IMP-2026-SO-MG260080-SEWING_MAKLUN,2026-07-27,97,2026-07-27,97,0,0,COMPLETED,OK - sama dengan prod
SO-MG260080,EMBROIDERY_JADI,5,,IMP-2026-SO-MG260080-EMBROIDERY_JADI,2026-07-27,97,2026-07-27,97,0,0,COMPLETED,OK - sama dengan prod
SO-MG260080,FINISHING,6,,IMP-2026-SO-MG260080-FINISHING,2026-07-27,97,2026-07-27,97,0,0,COMPLETED,OK - sama dengan prod
SO-MG260081,SEWING_MAKLUN,3,AL-ITIHAD GARMENT,IMP-2026-SO-MG260081-SEWING_MAKLUN,2026-07-27,102,2026-07-27,102,0,0,COMPLETED,OK - sama dengan prod
SO-MG260081,EMBROIDERY_JADI,5,,IMP-2026-SO-MG260081-EMBROIDERY_JADI,2026-07-27,102,2026-07-27,102,0,0,COMPLETED,OK - sama dengan prod
SO-MG260081,FINISHING,6,,IMP-2026-SO-MG260081-FINISHING,2026-07-27,102,2026-07-27,102,0,0,COMPLETED,OK - sama dengan prod
SO-MG260082,SEWING_MAKLUN,3,AL-ITIHAD GARMENT,IMP-2026-SO-MG260082-SEWING_MAKLUN,2026-07-27,69,2026-07-27,69,0,0,COMPLETED,OK - sama dengan prod
SO-MG260082,EMBROIDERY_JADI,5,,IMP-2026-SO-MG260082-EMBROIDERY_JADI,2026-07-27,69,2026-07-27,69,0,0,COMPLETED,OK - sama dengan prod
SO-MG260082,FINISHING,6,,IMP-2026-SO-MG260082-FINISHING,2026-07-27,69,2026-07-27,69,0,0,COMPLETED,OK - sama dengan prod
SO-MG260083,SEWING_MAKLUN,3,AL-ITIHAD GARMENT,IMP-2026-SO-MG260083-SEWING_MAKLUN,2026-07-27,106,2026-07-27,106,0,0,COMPLETED,OK - sama dengan prod
SO-MG260083,EMBROIDERY_JADI,5,,IMP-2026-SO-MG260083-EMBROIDERY_JADI,2026-07-27,106,2026-07-27,106,0,0,COMPLETED,OK - sama dengan prod
SO-MG260083,FINISHING,6,,IMP-2026-SO-MG260083-FINISHING,2026-07-27,106,2026-07-27,106,0,0,COMPLETED,OK - sama dengan prod
SO-MG260084,SEWING_MAKLUN,3,AL-ITIHAD GARMENT,IMP-2026-SO-MG260084-SEWING_MAKLUN,2026-07-27,75,2026-07-27,75,0,0,COMPLETED,OK - sama dengan prod
SO-MG260084,EMBROIDERY_JADI,5,,IMP-2026-SO-MG260084-EMBROIDERY_JADI,2026-07-27,75,2026-07-27,75,0,0,COMPLETED,OK - sama dengan prod
SO-MG260084,FINISHING,6,,IMP-2026-SO-MG260084-FINISHING,2026-07-27,75,2026-07-27,75,0,0,COMPLETED,OK - sama dengan prod
SO-MG260085,SEWING_MAKLUN,3,AL-ITIHAD GARMENT,IMP-2026-SO-MG260085-SEWING_MAKLUN,2026-07-27,79,2026-07-27,79,0,0,COMPLETED,OK - sama dengan prod
SO-MG260085,EMBROIDERY_JADI,5,,IMP-2026-SO-MG260085-EMBROIDERY_JADI,2026-07-27,79,2026-07-27,79,0,0,COMPLETED,OK - sama dengan prod
SO-MG260085,FINISHING,6,,IMP-2026-SO-MG260085-FINISHING,2026-07-27,79,2026-07-27,79,0,0,COMPLETED,OK - sama dengan prod
SO-MG260086,SEWING_MAKLUN,3,AL-ITIHAD GARMENT,IMP-2026-SO-MG260086-SEWING_MAKLUN,2026-07-27,65,2026-07-27,65,0,0,COMPLETED,OK - sama dengan prod
SO-MG260086,EMBROIDERY_JADI,5,,IMP-2026-SO-MG260086-EMBROIDERY_JADI,2026-07-27,65,2026-07-27,65,0,0,COMPLETED,OK - sama dengan prod
SO-MG260086,FINISHING,6,,IMP-2026-SO-MG260086-FINISHING,2026-07-27,65,2026-07-27,65,0,0,COMPLETED,OK - sama dengan prod
SO-MG260087,SEWING_MAKLUN,3,AL-ITIHAD GARMENT,IMP-2026-SO-MG260087-SEWING_MAKLUN,2026-07-27,65,2026-07-27,65,0,0,COMPLETED,OK - sama dengan prod
SO-MG260087,EMBROIDERY_JADI,5,,IMP-2026-SO-MG260087-EMBROIDERY_JADI,2026-07-27,65,2026-07-27,65,0,0,COMPLETED,OK - sama dengan prod
SO-MG260087,FINISHING,6,,IMP-2026-SO-MG260087-FINISHING,2026-07-27,65,2026-07-27,65,0,0,COMPLETED,OK - sama dengan prod
SO-MG260092,SEWING_MAKLUN,3,AL-ITIHAD GARMENT,IMP-2026-SO-MG260092-SEWING_MAKLUN,2026-07-27,387,2026-07-27,387,0,0,COMPLETED,OK - sama dengan prod
SO-MG260092,FINISHING,6,,IMP-2026-SO-MG260092-FINISHING,2026-07-27,387,2026-07-27,387,0,0,COMPLETED,OK - sama dengan prod
SO-MG260093,SEWING_MAKLUN,3,AL-ITIHAD GARMENT,IMP-2026-SO-MG260093-SEWING_MAKLUN,2026-07-27,413,2026-07-27,413,0,0,COMPLETED,OK - sama dengan prod
SO-MG260093,FINISHING,6,,IMP-2026-SO-MG260093-FINISHING,2026-07-27,413,2026-07-27,413,0,0,COMPLETED,OK - sama dengan prod
SO-MG260102,SEWING_MAKLUN,3,PAK ADE SMD,IMP-2026-SO-MG260102-SEWING_MAKLUN,2026-07-27,126,2026-07-27,126,0,0,COMPLETED,OK - sama dengan prod
SO-MG260102,FINISHING,6,,IMP-2026-SO-MG260102-FINISHING,2026-07-27,126,2026-07-27,126,0,0,COMPLETED,OK - sama dengan prod
SO-MG260103,SEWING_MAKLUN,3,PAK ADE SMD,IMP-2026-SO-MG260103-SEWING_MAKLUN,2026-07-27,112,2026-07-27,112,0,0,COMPLETED,OK - sama dengan prod
SO-MG260103,FINISHING,6,,IMP-2026-SO-MG260103-FINISHING,2026-07-27,112,2026-07-27,112,0,0,COMPLETED,OK - sama dengan prod
SO-MG260104,SEWING_MAKLUN,3,PAK ADE SMD,IMP-2026-SO-MG260104-SEWING_MAKLUN,2026-07-27,124,2026-07-27,124,0,0,COMPLETED,OK - sama dengan prod
SO-MG260104,FINISHING,6,,IMP-2026-SO-MG260104-FINISHING,2026-07-27,124,2026-07-27,124,0,0,COMPLETED,OK - sama dengan prod
SO-MG260105,SEWING_MAKLUN,3,PAK ADE SMD,IMP-2026-SO-MG260105-SEWING_MAKLUN,2026-07-27,122,2026-07-27,122,0,0,COMPLETED,OK - sama dengan prod
SO-MG260105,FINISHING,6,,IMP-2026-SO-MG260105-FINISHING,2026-07-27,122,2026-07-27,122,0,0,COMPLETED,OK - sama dengan prod
SO-MG260106,SEWING_MAKLUN,3,PAK ADE CIPARAY,IMP-2026-SO-MG260106-SEWING_MAKLUN,2026-07-27,102,2026-07-27,102,0,0,COMPLETED,OK - sama dengan prod
SO-MG260106,FINISHING,6,,IMP-2026-SO-MG260106-FINISHING,2026-07-27,102,2026-07-27,102,0,0,COMPLETED,OK - sama dengan prod
SO-MG260107,SEWING_MAKLUN,3,PAK ADE CIPARAY,IMP-2026-SO-MG260107-SEWING_MAKLUN,2026-07-27,97,2026-07-27,97,0,0,COMPLETED,OK - sama dengan prod
SO-MG260107,FINISHING,6,,IMP-2026-SO-MG260107-FINISHING,2026-07-27,97,2026-07-27,97,0,0,COMPLETED,OK - sama dengan prod
SO-MG260115,SEWING_MAKLUN,3,PAK ADE SMD,IMP-2026-SO-MG260115-SEWING_MAKLUN,2026-07-27,120,2026-07-27,120,0,0,COMPLETED,OK - sama dengan prod
SO-MG260115,WASHING,4,,IMP-2026-SO-MG260115-WASHING,2026-07-27,120,2026-07-27,120,0,0,COMPLETED,OK - sama dengan prod
SO-MG260115,FINISHING,6,,IMP-2026-SO-MG260115-FINISHING,2026-07-27,120,2026-07-27,120,0,0,COMPLETED,OK - sama dengan prod
SO-MG260116,SEWING_MAKLUN,3,PAK ADE SMD,IMP-2026-SO-MG260116-SEWING_MAKLUN,2026-07-27,120,2026-07-27,120,1,-1,DISCREPANCY_FLAG,DISCREPANCY_FLAG - setia pada angka sumber (bukan bug impor)
SO-MG260116,WASHING,4,,IMP-2026-SO-MG260116-WASHING,2026-07-27,120,2026-07-27,120,0,0,COMPLETED,OK - sama dengan prod
SO-MG260116,FINISHING,6,,IMP-2026-SO-MG260116-FINISHING,2026-07-27,120,2026-07-27,120,0,0,COMPLETED,OK - sama dengan prod
SO-MG260117,SEWING_MAKLUN,3,PAK ADE SMD,IMP-2026-SO-MG260117-SEWING_MAKLUN,2026-07-27,120,2026-07-27,120,2,-2,DISCREPANCY_FLAG,DISCREPANCY_FLAG - setia pada angka sumber (bukan bug impor)
SO-MG260117,WASHING,4,,IMP-2026-SO-MG260117-WASHING,2026-07-27,120,2026-07-27,120,0,0,COMPLETED,OK - sama dengan prod
SO-MG260117,FINISHING,6,,IMP-2026-SO-MG260117-FINISHING,2026-07-27,120,2026-07-27,120,0,0,COMPLETED,OK - sama dengan prod
SO-MG260118,SEWING_MAKLUN,3,PAK ADE SMD,IMP-2026-SO-MG260118-SEWING_MAKLUN,2026-07-27,114,2026-07-27,114,1,-1,DISCREPANCY_FLAG,DISCREPANCY_FLAG - setia pada angka sumber (bukan bug impor)
SO-MG260118,WASHING,4,,IMP-2026-SO-MG260118-WASHING,2026-07-27,118,2026-07-27,118,0,0,COMPLETED,OK - sama dengan prod
SO-MG260118,FINISHING,6,,IMP-2026-SO-MG260118-FINISHING,2026-07-27,114,2026-07-27,114,0,0,COMPLETED,OK - sama dengan prod
SO-MG260119,SEWING_MAKLUN,3,PAK ADE SMD,IMP-2026-SO-MG260119-SEWING_MAKLUN,2026-07-27,120,2026-07-27,120,1,-1,DISCREPANCY_FLAG,DISCREPANCY_FLAG - setia pada angka sumber (bukan bug impor)
SO-MG260119,WASHING,4,,IMP-2026-SO-MG260119-WASHING,2026-07-27,120,2026-07-27,120,0,0,COMPLETED,OK - sama dengan prod
SO-MG260119,FINISHING,6,,IMP-2026-SO-MG260119-FINISHING,2026-07-27,120,2026-07-27,120,0,0,COMPLETED,OK - sama dengan prod
SO-MG260120,SEWING_MAKLUN,3,AL-ITIHAD GARMENT,IMP-2026-SO-MG260120-SEWING_MAKLUN,2026-07-27,232,2026-07-27,232,0,0,COMPLETED,OK - sama dengan prod
SO-MG260120,WASHING,4,,IMP-2026-SO-MG260120-WASHING,2026-07-27,232,2026-07-27,232,0,0,COMPLETED,OK - sama dengan prod
SO-MG260120,FINISHING,6,,IMP-2026-SO-MG260120-FINISHING,2026-07-27,232,2026-07-27,232,0,0,COMPLETED,OK - sama dengan prod
SO-MG260121,SEWING_MAKLUN,3,AL-ITIHAD GARMENT,IMP-2026-SO-MG260121-SEWING_MAKLUN,2026-07-27,230,2026-07-27,230,0,0,COMPLETED,OK - sama dengan prod
SO-MG260121,WASHING,4,,IMP-2026-SO-MG260121-WASHING,2026-07-27,230,2026-07-27,230,0,0,COMPLETED,OK - sama dengan prod
SO-MG260121,FINISHING,6,,IMP-2026-SO-MG260121-FINISHING,2026-07-27,230,2026-07-27,230,0,0,COMPLETED,OK - sama dengan prod
SO-MG260128,SEWING_MAKLUN,3,AL-ITIHAD GARMENT,IMP-2026-SO-MG260128-SEWING_MAKLUN,2026-07-27,62,2026-07-27,62,0,0,COMPLETED,OK - sama dengan prod
SO-MG260128,FINISHING,6,,IMP-2026-SO-MG260128-FINISHING,2026-07-27,62,2026-07-27,62,0,0,COMPLETED,OK - sama dengan prod
SO-MG260129,SEWING_MAKLUN,3,AL-ITIHAD GARMENT,IMP-2026-SO-MG260129-SEWING_MAKLUN,2026-07-27,64,2026-07-27,64,0,0,COMPLETED,OK - sama dengan prod
SO-MG260129,FINISHING,6,,IMP-2026-SO-MG260129-FINISHING,2026-07-27,64,2026-07-27,64,0,0,COMPLETED,OK - sama dengan prod
SO-MG260130,SEWING_MAKLUN,3,AL-ITIHAD GARMENT,IMP-2026-SO-MG260130-SEWING_MAKLUN,2026-07-27,64,2026-07-27,64,0,0,COMPLETED,OK - sama dengan prod
SO-MG260130,FINISHING,6,,IMP-2026-SO-MG260130-FINISHING,2026-07-27,64,2026-07-27,64,0,0,COMPLETED,OK - sama dengan prod
SO-MG260131,SEWING_MAKLUN,3,AL-ITIHAD GARMENT,IMP-2026-SO-MG260131-SEWING_MAKLUN,2026-07-27,104,2026-07-27,104,0,0,COMPLETED,OK - sama dengan prod
SO-MG260131,WASHING,4,,IMP-2026-SO-MG260131-WASHING,2026-07-27,104,2026-07-27,104,0,0,COMPLETED,OK - sama dengan prod
SO-MG260131,FINISHING,6,,IMP-2026-SO-MG260131-FINISHING,2026-07-27,104,2026-07-27,104,0,0,COMPLETED,OK - sama dengan prod
SO-MG260132,SEWING_MAKLUN,3,AL-ITIHAD GARMENT,IMP-2026-SO-MG260132-SEWING_MAKLUN,2026-07-27,80,2026-07-27,80,0,0,COMPLETED,OK - sama dengan prod
SO-MG260132,WASHING,4,,IMP-2026-SO-MG260132-WASHING,2026-07-27,80,2026-07-27,80,0,0,COMPLETED,OK - sama dengan prod
SO-MG260132,FINISHING,6,,IMP-2026-SO-MG260132-FINISHING,2026-07-27,80,2026-07-27,80,0,0,COMPLETED,OK - sama dengan prod
SO-MG260133,SEWING_MAKLUN,3,AL-ITIHAD GARMENT,IMP-2026-SO-MG260133-SEWING_MAKLUN,2026-07-27,104,2026-07-27,104,0,0,COMPLETED,OK - sama dengan prod
SO-MG260133,WASHING,4,,IMP-2026-SO-MG260133-WASHING,2026-07-27,104,2026-07-27,104,0,0,COMPLETED,OK - sama dengan prod
SO-MG260133,FINISHING,6,,IMP-2026-SO-MG260133-FINISHING,2026-07-27,104,2026-07-27,104,0,0,COMPLETED,OK - sama dengan prod
SO-MG260134,SEWING_MAKLUN,3,AL-ITIHAD GARMENT,IMP-2026-SO-MG260134-SEWING_MAKLUN,2026-07-27,105,2026-07-27,105,0,0,COMPLETED,OK - sama dengan prod
SO-MG260134,WASHING,4,,IMP-2026-SO-MG260134-WASHING,2026-07-27,105,2026-07-27,105,0,0,COMPLETED,OK - sama dengan prod
SO-MG260134,FINISHING,6,,IMP-2026-SO-MG260134-FINISHING,2026-07-27,105,2026-07-27,105,0,0,COMPLETED,OK - sama dengan prod
SO-MG260135,SEWING_MAKLUN,3,AL-ITIHAD GARMENT,IMP-2026-SO-MG260135-SEWING_MAKLUN,2026-07-27,72,2026-07-27,72,0,0,COMPLETED,OK - sama dengan prod
SO-MG260135,WASHING,4,,IMP-2026-SO-MG260135-WASHING,2026-07-27,72,2026-07-27,72,0,0,COMPLETED,OK - sama dengan prod
SO-MG260135,FINISHING,6,,IMP-2026-SO-MG260135-FINISHING,2026-07-27,72,2026-07-27,72,0,0,COMPLETED,OK - sama dengan prod
SO-MG260136,SEWING_MAKLUN,3,AL-ITIHAD GARMENT,IMP-2026-SO-MG260136-SEWING_MAKLUN,2026-07-27,125,2026-07-27,125,0,0,COMPLETED,OK - sama dengan prod
SO-MG260136,WASHING,4,,IMP-2026-SO-MG260136-WASHING,2026-07-27,125,2026-07-27,125,0,0,COMPLETED,OK - sama dengan prod
SO-MG260136,FINISHING,6,,IMP-2026-SO-MG260136-FINISHING,2026-07-27,125,2026-07-27,125,0,0,COMPLETED,OK - sama dengan prod
SO-MG260137,SEWING_MAKLUN,3,AL-ITIHAD GARMENT,IMP-2026-SO-MG260137-SEWING_MAKLUN,2026-07-27,106,2026-07-27,106,0,0,COMPLETED,OK - sama dengan prod
SO-MG260137,WASHING,4,,IMP-2026-SO-MG260137-WASHING,2026-07-27,106,2026-07-27,106,0,0,COMPLETED,OK - sama dengan prod
SO-MG260137,FINISHING,6,,IMP-2026-SO-MG260137-FINISHING,2026-07-27,106,2026-07-27,106,0,0,COMPLETED,OK - sama dengan prod
SO-MG260138,SEWING_MAKLUN,3,AL-ITIHAD GARMENT,IMP-2026-SO-MG260138-SEWING_MAKLUN,2026-07-27,125,2026-07-27,125,0,0,COMPLETED,OK - sama dengan prod
SO-MG260138,WASHING,4,,IMP-2026-SO-MG260138-WASHING,2026-07-27,125,2026-07-27,125,0,0,COMPLETED,OK - sama dengan prod
SO-MG260138,FINISHING,6,,IMP-2026-SO-MG260138-FINISHING,2026-07-27,125,2026-07-27,125,0,0,COMPLETED,OK - sama dengan prod
SO-MG260140,SEWING_MAKLUN,3,AL-ITIHAD GARMENT,IMP-2026-SO-MG260140-SEWING_MAKLUN,2026-07-27,125,2026-07-27,125,0,0,COMPLETED,OK - sama dengan prod
SO-MG260140,WASHING,4,,IMP-2026-SO-MG260140-WASHING,2026-07-27,125,2026-07-27,125,0,0,COMPLETED,OK - sama dengan prod
SO-MG260140,FINISHING,6,,IMP-2026-SO-MG260140-FINISHING,2026-07-27,125,2026-07-27,125,0,0,COMPLETED,OK - sama dengan prod
SO-MG260141,SEWING_MAKLUN,3,AL-ITIHAD GARMENT,IMP-2026-SO-MG260141-SEWING_MAKLUN,2026-07-27,1002,2026-07-27,1002,0,0,COMPLETED,OK - sama dengan prod
SO-MG260141,WASHING,4,,IMP-2026-SO-MG260141-WASHING,2026-07-27,1001,2026-07-27,1001,0,0,COMPLETED,OK - sama dengan prod
SO-MG260141,FINISHING,6,,IMP-2026-SO-MG260141-FINISHING,2026-07-27,1002,2026-07-27,1002,0,0,COMPLETED,OK - sama dengan prod
SO-MG260142,SEWING_MAKLUN,3,AL-ITIHAD GARMENT,IMP-2026-SO-MG260142-SEWING_MAKLUN,2026-07-27,125,2026-07-27,124,1,0,PARTIAL_RECEIVED,OK - sama dengan prod
SO-MG260142,WASHING,4,,IMP-2026-SO-MG260142-WASHING,2026-07-27,124,2026-07-27,124,0,0,COMPLETED,OK - sama dengan prod
SO-MG260142,FINISHING,6,,IMP-2026-SO-MG260142-FINISHING,2026-07-27,124,2026-07-27,124,0,0,COMPLETED,OK - sama dengan prod
SO-MG260143,SEWING_MAKLUN,3,AL-ITIHAD GARMENT,IMP-2026-SO-MG260143-SEWING_MAKLUN,2026-07-27,125,2026-07-27,125,5,-5,DISCREPANCY_FLAG,DISCREPANCY_FLAG - setia pada angka sumber (bukan bug impor)
SO-MG260143,WASHING,4,,IMP-2026-SO-MG260143-WASHING,2026-07-27,129,2026-07-27,129,0,0,COMPLETED,OK - sama dengan prod
SO-MG260143,FINISHING,6,,IMP-2026-SO-MG260143-FINISHING,2026-07-27,125,2026-07-27,125,0,0,COMPLETED,OK - sama dengan prod
SO-MG260144,SEWING_MAKLUN,3,AL-ITIHAD GARMENT,IMP-2026-SO-MG260144-SEWING_MAKLUN,2026-07-27,125,2026-07-27,123,4,-2,DISCREPANCY_FLAG,DISCREPANCY_FLAG - setia pada angka sumber (bukan bug impor)
SO-MG260144,WASHING,4,,IMP-2026-SO-MG260144-WASHING,2026-07-27,122,2026-07-27,122,0,0,COMPLETED,OK - sama dengan prod
SO-MG260144,FINISHING,6,,IMP-2026-SO-MG260144-FINISHING,2026-07-27,123,2026-07-27,123,0,0,COMPLETED,OK - sama dengan prod
SO-MG260145,SEWING_MAKLUN,3,AL-ITIHAD GARMENT,IMP-2026-SO-MG260145-SEWING_MAKLUN,2026-07-27,140,2026-07-27,140,3,-3,DISCREPANCY_FLAG,DISCREPANCY_FLAG - setia pada angka sumber (bukan bug impor)
SO-MG260145,FINISHING,6,,IMP-2026-SO-MG260145-FINISHING,2026-07-27,140,2026-07-27,140,0,0,COMPLETED,OK - sama dengan prod
SO-MG260146,SEWING_MAKLUN,3,AL-ITIHAD GARMENT,IMP-2026-SO-MG260146-SEWING_MAKLUN,2026-07-27,140,2026-07-27,140,5,-5,DISCREPANCY_FLAG,DISCREPANCY_FLAG - setia pada angka sumber (bukan bug impor)
SO-MG260146,FINISHING,6,,IMP-2026-SO-MG260146-FINISHING,2026-07-27,140,2026-07-27,140,0,0,COMPLETED,OK - sama dengan prod
SO-MG260147,SEWING_MAKLUN,3,AL-ITIHAD GARMENT,IMP-2026-SO-MG260147-SEWING_MAKLUN,2026-07-27,140,2026-07-27,139,0,1,DISCREPANCY_FLAG,DISCREPANCY_FLAG - setia pada angka sumber (bukan bug impor)
SO-MG260147,FINISHING,6,,IMP-2026-SO-MG260147-FINISHING,2026-07-27,139,2026-07-27,139,0,0,COMPLETED,OK - sama dengan prod
SO-MG260148,SEWING_MAKLUN,3,PAK ADE SMD,IMP-2026-SO-MG260148-SEWING_MAKLUN,2026-07-27,107,2026-07-27,107,0,0,COMPLETED,OK - sama dengan prod
SO-MG260148,WASHING,4,,IMP-2026-SO-MG260148-WASHING,2026-07-27,118,2026-07-27,118,0,0,COMPLETED,OK - sama dengan prod
SO-MG260148,FINISHING,6,,IMP-2026-SO-MG260148-FINISHING,2026-07-27,107,2026-07-27,107,0,0,COMPLETED,OK - sama dengan prod
SO-MG260149,SEWING_MAKLUN,3,PAK ADE SMD,IMP-2026-SO-MG260149-SEWING_MAKLUN,2026-07-27,120,2026-07-27,120,0,0,COMPLETED,OK - sama dengan prod
SO-MG260149,WASHING,4,,IMP-2026-SO-MG260149-WASHING,2026-07-27,104,2026-07-27,104,0,0,COMPLETED,OK - sama dengan prod
SO-MG260149,FINISHING,6,,IMP-2026-SO-MG260149-FINISHING,2026-07-27,120,2026-07-27,120,0,0,COMPLETED,OK - sama dengan prod
SO-MG260150,SEWING_MAKLUN,3,A Dadang,IMP-2026-SO-MG260150-SEWING_MAKLUN,2026-07-27,67,2026-07-27,67,64,-64,DISCREPANCY_FLAG,DISCREPANCY_FLAG - setia pada angka sumber (bukan bug impor)
SO-MG260150,FINISHING,6,,IMP-2026-SO-MG260150-FINISHING,2026-07-27,67,2026-07-27,67,0,0,COMPLETED,OK - sama dengan prod
SO-MG260151,SEWING_MAKLUN,3,A Dadang,IMP-2026-SO-MG260151-SEWING_MAKLUN,2026-07-27,73,2026-07-27,73,64,-64,DISCREPANCY_FLAG,DISCREPANCY_FLAG - setia pada angka sumber (bukan bug impor)
SO-MG260151,FINISHING,6,,IMP-2026-SO-MG260151-FINISHING,2026-07-27,73,2026-07-27,73,0,0,COMPLETED,OK - sama dengan prod
SO-MG260158,SEWING_MAKLUN,3,MASTER PA PIAN,IMP-2026-SO-MG260158-SEWING_MAKLUN,2026-07-27,304,2026-07-27,304,4,-4,DISCREPANCY_FLAG,DISCREPANCY_FLAG - setia pada angka sumber (bukan bug impor)
SO-MG260158,FINISHING,6,,IMP-2026-SO-MG260158-FINISHING,2026-07-27,304,2026-07-27,304,0,0,COMPLETED,OK - sama dengan prod
SO-MG260159,SEWING_MAKLUN,3,MASTER PA PIAN,IMP-2026-SO-MG260159-SEWING_MAKLUN,2026-07-27,343,2026-07-27,171,1,171,DISCREPANCY_FLAG,DISCREPANCY_FLAG - setia pada angka sumber (bukan bug impor)
SO-MG260159,FINISHING,6,,IMP-2026-SO-MG260159-FINISHING,2026-07-27,171,2026-07-27,171,0,0,COMPLETED,OK - sama dengan prod
SO-MG260160,SEWING_MAKLUN,3,MASTER PA PIAN,IMP-2026-SO-MG260160-SEWING_MAKLUN,2026-07-27,416,2026-07-27,416,0,0,COMPLETED,OK - sama dengan prod
SO-MG260160,FINISHING,6,,IMP-2026-SO-MG260160-FINISHING,2026-07-27,416,2026-07-27,416,0,0,COMPLETED,OK - sama dengan prod
SO-MG260161,SEWING_MAKLUN,3,AL-ITIHAD GARMENT,IMP-2026-SO-MG260161-SEWING_MAKLUN,2026-07-27,148,2026-07-27,0,148,0,PARTIAL_RECEIVED,OK - sama dengan prod
SO-MG260162,SEWING_MAKLUN,3,AL-ITIHAD GARMENT,IMP-2026-SO-MG260162-SEWING_MAKLUN,2026-07-27,102,2026-07-27,102,0,0,COMPLETED,OK - sama dengan prod
SO-MG260162,EMBROIDERY_JADI,5,,IMP-2026-SO-MG260162-EMBROIDERY_JADI,2026-07-27,102,2026-07-27,102,0,0,COMPLETED,OK - sama dengan prod
SO-MG260162,FINISHING,6,,IMP-2026-SO-MG260162-FINISHING,2026-07-27,102,2026-07-27,102,0,0,COMPLETED,OK - sama dengan prod
SO-MG260163,SEWING_MAKLUN,3,AL-ITIHAD GARMENT,IMP-2026-SO-MG260163-SEWING_MAKLUN,2026-07-27,104,2026-07-27,104,0,0,COMPLETED,OK - sama dengan prod
SO-MG260163,EMBROIDERY_JADI,5,,IMP-2026-SO-MG260163-EMBROIDERY_JADI,2026-07-27,104,2026-07-27,104,0,0,COMPLETED,OK - sama dengan prod
SO-MG260163,FINISHING,6,,IMP-2026-SO-MG260163-FINISHING,2026-07-27,104,2026-07-27,104,0,0,COMPLETED,OK - sama dengan prod
SO-MG260164,SEWING_MAKLUN,3,AL-ITIHAD GARMENT,IMP-2026-SO-MG260164-SEWING_MAKLUN,2026-07-27,104,2026-07-27,104,0,0,COMPLETED,OK - sama dengan prod
SO-MG260164,EMBROIDERY_JADI,5,,IMP-2026-SO-MG260164-EMBROIDERY_JADI,2026-07-27,104,2026-07-27,104,0,0,COMPLETED,OK - sama dengan prod
SO-MG260164,FINISHING,6,,IMP-2026-SO-MG260164-FINISHING,2026-07-27,104,2026-07-27,104,0,0,COMPLETED,OK - sama dengan prod
SO-MG260165,SEWING_MAKLUN,3,AL-ITIHAD GARMENT,IMP-2026-SO-MG260165-SEWING_MAKLUN,2026-07-27,100,2026-07-27,100,0,0,COMPLETED,OK - sama dengan prod
SO-MG260165,EMBROIDERY_JADI,5,,IMP-2026-SO-MG260165-EMBROIDERY_JADI,2026-07-27,100,2026-07-27,100,0,0,COMPLETED,OK - sama dengan prod
SO-MG260165,FINISHING,6,,IMP-2026-SO-MG260165-FINISHING,2026-07-27,100,2026-07-27,100,0,0,COMPLETED,OK - sama dengan prod
SO-MG260166,SEWING_MAKLUN,3,AL-ITIHAD GARMENT,IMP-2026-SO-MG260166-SEWING_MAKLUN,2026-07-27,94,2026-07-27,94,0,0,COMPLETED,OK - sama dengan prod
SO-MG260166,EMBROIDERY_JADI,5,,IMP-2026-SO-MG260166-EMBROIDERY_JADI,2026-07-27,94,2026-07-27,94,0,0,COMPLETED,OK - sama dengan prod
SO-MG260166,FINISHING,6,,IMP-2026-SO-MG260166-FINISHING,2026-07-27,94,2026-07-27,94,0,0,COMPLETED,OK - sama dengan prod
SO-MG260167,SEWING_MAKLUN,3,AL-ITIHAD GARMENT,IMP-2026-SO-MG260167-SEWING_MAKLUN,2026-07-27,86,2026-07-27,86,0,0,COMPLETED,OK - sama dengan prod
SO-MG260167,EMBROIDERY_JADI,5,,IMP-2026-SO-MG260167-EMBROIDERY_JADI,2026-07-27,86,2026-07-27,86,0,0,COMPLETED,OK - sama dengan prod
SO-MG260167,FINISHING,6,,IMP-2026-SO-MG260167-FINISHING,2026-07-27,86,2026-07-27,86,0,0,COMPLETED,OK - sama dengan prod
SO-MG260168,SEWING_MAKLUN,3,AL-ITIHAD GARMENT,IMP-2026-SO-MG260168-SEWING_MAKLUN,2026-07-27,82,2026-07-27,82,0,0,COMPLETED,OK - sama dengan prod
SO-MG260168,EMBROIDERY_JADI,5,,IMP-2026-SO-MG260168-EMBROIDERY_JADI,2026-07-27,82,2026-07-27,82,0,0,COMPLETED,OK - sama dengan prod
SO-MG260168,FINISHING,6,,IMP-2026-SO-MG260168-FINISHING,2026-07-27,82,2026-07-27,82,0,0,COMPLETED,OK - sama dengan prod
SO-MG260169,SEWING_MAKLUN,3,AL-ITIHAD GARMENT,IMP-2026-SO-MG260169-SEWING_MAKLUN,2026-07-27,84,2026-07-27,84,0,0,COMPLETED,OK - sama dengan prod
SO-MG260169,EMBROIDERY_JADI,5,,IMP-2026-SO-MG260169-EMBROIDERY_JADI,2026-07-27,84,2026-07-27,84,0,0,COMPLETED,OK - sama dengan prod
SO-MG260169,FINISHING,6,,IMP-2026-SO-MG260169-FINISHING,2026-07-27,84,2026-07-27,84,0,0,COMPLETED,OK - sama dengan prod
SO-MG260170,SEWING_MAKLUN,3,AL-ITIHAD GARMENT,IMP-2026-SO-MG260170-SEWING_MAKLUN,2026-07-27,78,2026-07-27,78,0,0,COMPLETED,OK - sama dengan prod
SO-MG260170,EMBROIDERY_JADI,5,,IMP-2026-SO-MG260170-EMBROIDERY_JADI,2026-07-27,78,2026-07-27,78,0,0,COMPLETED,OK - sama dengan prod
SO-MG260170,FINISHING,6,,IMP-2026-SO-MG260170-FINISHING,2026-07-27,78,2026-07-27,78,0,0,COMPLETED,OK - sama dengan prod
SO-MG260171,SEWING_MAKLUN,3,AL-ITIHAD GARMENT,IMP-2026-SO-MG260171-SEWING_MAKLUN,2026-07-27,78,2026-07-27,78,0,0,COMPLETED,OK - sama dengan prod
SO-MG260171,EMBROIDERY_JADI,5,,IMP-2026-SO-MG260171-EMBROIDERY_JADI,2026-07-27,78,2026-07-27,78,0,0,COMPLETED,OK - sama dengan prod
SO-MG260171,FINISHING,6,,IMP-2026-SO-MG260171-FINISHING,2026-07-27,78,2026-07-27,78,0,0,COMPLETED,OK - sama dengan prod
SO-MG260172,SEWING_MAKLUN,3,AL-ITIHAD GARMENT,IMP-2026-SO-MG260172-SEWING_MAKLUN,2026-07-27,84,2026-07-27,84,0,0,COMPLETED,OK - sama dengan prod
SO-MG260172,EMBROIDERY_JADI,5,,IMP-2026-SO-MG260172-EMBROIDERY_JADI,2026-07-27,84,2026-07-27,84,0,0,COMPLETED,OK - sama dengan prod
SO-MG260172,FINISHING,6,,IMP-2026-SO-MG260172-FINISHING,2026-07-27,84,2026-07-27,84,0,0,COMPLETED,OK - sama dengan prod
SO-MG260173,SEWING_MAKLUN,3,AL-ITIHAD GARMENT,IMP-2026-SO-MG260173-SEWING_MAKLUN,2026-07-27,90,2026-07-27,90,0,0,COMPLETED,OK - sama dengan prod
SO-MG260173,EMBROIDERY_JADI,5,,IMP-2026-SO-MG260173-EMBROIDERY_JADI,2026-07-27,90,2026-07-27,90,0,0,COMPLETED,OK - sama dengan prod
SO-MG260173,FINISHING,6,,IMP-2026-SO-MG260173-FINISHING,2026-07-27,90,2026-07-27,90,0,0,COMPLETED,OK - sama dengan prod
SO-MG260174,SEWING_MAKLUN,3,AL-ITIHAD GARMENT,IMP-2026-SO-MG260174-SEWING_MAKLUN,2026-07-27,108,2026-07-27,108,0,0,COMPLETED,OK - sama dengan prod
SO-MG260174,EMBROIDERY_JADI,5,,IMP-2026-SO-MG260174-EMBROIDERY_JADI,2026-07-27,216,2026-07-27,216,0,0,COMPLETED,OK - sama dengan prod
SO-MG260174,FINISHING,6,,IMP-2026-SO-MG260174-FINISHING,2026-07-27,108,2026-07-27,108,0,0,COMPLETED,OK - sama dengan prod
SO-MG260175,SEWING_MAKLUN,3,AL-ITIHAD GARMENT,IMP-2026-SO-MG260175-SEWING_MAKLUN,2026-07-27,64,2026-07-27,63,1,0,PARTIAL_RECEIVED,OK - sama dengan prod
SO-MG260175,EMBROIDERY_JADI,5,,IMP-2026-SO-MG260175-EMBROIDERY_JADI,2026-07-27,63,2026-07-27,63,0,0,COMPLETED,OK - sama dengan prod
SO-MG260175,FINISHING,6,,IMP-2026-SO-MG260175-FINISHING,2026-07-27,63,2026-07-27,63,0,0,COMPLETED,OK - sama dengan prod
SO-MG260176,SEWING_MAKLUN,3,AL-ITIHAD GARMENT,IMP-2026-SO-MG260176-SEWING_MAKLUN,2026-07-27,112,2026-07-27,112,0,0,COMPLETED,OK - sama dengan prod
SO-MG260176,EMBROIDERY_JADI,5,,IMP-2026-SO-MG260176-EMBROIDERY_JADI,2026-07-27,112,2026-07-27,112,0,0,COMPLETED,OK - sama dengan prod
SO-MG260176,FINISHING,6,,IMP-2026-SO-MG260176-FINISHING,2026-07-27,112,2026-07-27,112,0,0,COMPLETED,OK - sama dengan prod
SO-MG260177,SEWING_MAKLUN,3,AL-ITIHAD GARMENT,IMP-2026-SO-MG260177-SEWING_MAKLUN,2026-07-27,94,2026-07-27,94,0,0,COMPLETED,OK - sama dengan prod
SO-MG260177,EMBROIDERY_JADI,5,,IMP-2026-SO-MG260177-EMBROIDERY_JADI,2026-07-27,94,2026-07-27,94,0,0,COMPLETED,OK - sama dengan prod
SO-MG260177,FINISHING,6,,IMP-2026-SO-MG260177-FINISHING,2026-07-27,94,2026-07-27,94,0,0,COMPLETED,OK - sama dengan prod
SO-MG260178,SEWING_MAKLUN,3,AL-ITIHAD GARMENT,IMP-2026-SO-MG260178-SEWING_MAKLUN,2026-07-27,82,2026-07-27,81,1,0,PARTIAL_RECEIVED,OK - sama dengan prod
SO-MG260178,EMBROIDERY_JADI,5,,IMP-2026-SO-MG260178-EMBROIDERY_JADI,2026-07-27,163,2026-07-27,163,0,0,COMPLETED,OK - sama dengan prod
SO-MG260178,FINISHING,6,,IMP-2026-SO-MG260178-FINISHING,2026-07-27,81,2026-07-27,81,0,0,COMPLETED,OK - sama dengan prod
SO-MG260179,SEWING_MAKLUN,3,AL-ITIHAD GARMENT,IMP-2026-SO-MG260179-SEWING_MAKLUN,2026-07-27,89,2026-07-27,89,0,0,COMPLETED,OK - sama dengan prod
SO-MG260179,EMBROIDERY_JADI,5,,IMP-2026-SO-MG260179-EMBROIDERY_JADI,2026-07-27,179,2026-07-27,179,0,0,COMPLETED,OK - sama dengan prod
SO-MG260179,FINISHING,6,,IMP-2026-SO-MG260179-FINISHING,2026-07-27,89,2026-07-27,89,0,0,COMPLETED,OK - sama dengan prod
SO-MG260182,SEWING_MAKLUN,3,AL-ITIHAD GARMENT,IMP-2026-SO-MG260182-SEWING_MAKLUN,2026-07-27,52,2026-07-27,52,0,0,COMPLETED,OK - sama dengan prod
SO-MG260182,WASHING,4,,IMP-2026-SO-MG260182-WASHING,2026-07-27,52,2026-07-27,52,0,0,COMPLETED,OK - sama dengan prod
SO-MG260182,EMBROIDERY_JADI,5,,IMP-2026-SO-MG260182-EMBROIDERY_JADI,2026-07-27,52,2026-07-27,52,0,0,COMPLETED,OK - sama dengan prod
SO-MG260182,FINISHING,6,,IMP-2026-SO-MG260182-FINISHING,2026-07-27,52,2026-07-27,52,0,0,COMPLETED,OK - sama dengan prod
SO-MG260183,SEWING_MAKLUN,3,MASTER PA PIAN,IMP-2026-SO-MG260183-SEWING_MAKLUN,2026-07-27,124,2026-07-27,124,0,0,COMPLETED,OK - sama dengan prod
SO-MG260183,EMBROIDERY_JADI,5,,IMP-2026-SO-MG260183-EMBROIDERY_JADI,2026-07-27,124,2026-07-27,124,0,0,COMPLETED,OK - sama dengan prod
SO-MG260183,FINISHING,6,,IMP-2026-SO-MG260183-FINISHING,2026-07-27,124,2026-07-27,124,0,0,COMPLETED,OK - sama dengan prod
SO-MG260184,PRINT_MENTAH,1,,IMP-2026-SO-MG260184-PRINT_MENTAH,2026-07-27,1326,2026-07-27,1326,0,0,COMPLETED,OK - sama dengan prod
SO-MG260184,EMBROIDERY_MENTAH,2,,IMP-2026-SO-MG260184-EMBROIDERY_MENTAH,2026-07-27,1394,2026-07-27,1394,0,0,COMPLETED,OK - sama dengan prod
SO-MG260184,SEWING_MAKLUN,3,AL-ITIHAD GARMENT,IMP-2026-SO-MG260184-SEWING_MAKLUN,2026-07-27,1394,2026-07-27,1389,1394,-1389,DISCREPANCY_FLAG,DISCREPANCY_FLAG - setia pada angka sumber (bukan bug impor)
SO-MG260184,WASHING,4,,IMP-2026-SO-MG260184-WASHING,2026-07-27,1387,2026-07-27,1387,0,0,COMPLETED,OK - sama dengan prod
SO-MG260184,FINISHING,6,,IMP-2026-SO-MG260184-FINISHING,2026-07-27,1389,2026-07-27,1389,0,0,COMPLETED,OK - sama dengan prod
SO-MG26100620,SEWING_MAKLUN,3,Master,IMP-2026-SO-MG26100620-SEWING_MAKLUN,2026-07-27,44,2026-07-27,44,0,0,COMPLETED,OK - sama dengan prod
SO-MG26100620,FINISHING,6,,IMP-2026-SO-MG26100620-FINISHING,2026-07-27,44,2026-07-27,44,0,0,COMPLETED,OK - sama dengan prod
SO-MG26100621,SEWING_MAKLUN,3,Master,IMP-2026-SO-MG26100621-SEWING_MAKLUN,2026-07-27,53,2026-07-27,53,0,0,COMPLETED,OK - sama dengan prod
SO-MG26100621,FINISHING,6,,IMP-2026-SO-MG26100621-FINISHING,2026-07-27,53,2026-07-27,53,0,0,COMPLETED,OK - sama dengan prod
SO-MG26100622,SEWING_MAKLUN,3,Master,IMP-2026-SO-MG26100622-SEWING_MAKLUN,2026-07-27,43,2026-07-27,43,0,0,COMPLETED,OK - sama dengan prod
SO-MG26100622,FINISHING,6,,IMP-2026-SO-MG26100622-FINISHING,2026-07-27,43,2026-07-27,43,0,0,COMPLETED,OK - sama dengan prod
SO-MG26100623,SEWING_MAKLUN,3,Master,IMP-2026-SO-MG26100623-SEWING_MAKLUN,2026-07-27,49,2026-07-27,49,0,0,COMPLETED,OK - sama dengan prod
SO-MG26100623,FINISHING,6,,IMP-2026-SO-MG26100623-FINISHING,2026-07-27,49,2026-07-27,49,0,0,COMPLETED,OK - sama dengan prod
SO-MG26100624,SEWING_MAKLUN,3,Master,IMP-2026-SO-MG26100624-SEWING_MAKLUN,2026-07-27,92,2026-07-27,92,0,0,COMPLETED,OK - sama dengan prod
SO-MG26100624,FINISHING,6,,IMP-2026-SO-MG26100624-FINISHING,2026-07-27,92,2026-07-27,92,0,0,COMPLETED,OK - sama dengan prod
SO-MG26100625,SEWING_MAKLUN,3,Master,IMP-2026-SO-MG26100625-SEWING_MAKLUN,2026-07-27,97,2026-07-27,97,0,0,COMPLETED,OK - sama dengan prod
SO-MG26100625,FINISHING,6,,IMP-2026-SO-MG26100625-FINISHING,2026-07-27,97,2026-07-27,97,0,0,COMPLETED,OK - sama dengan prod
SO-MG26100626,SEWING_MAKLUN,3,Master,IMP-2026-SO-MG26100626-SEWING_MAKLUN,2026-07-27,92,2026-07-27,92,0,0,COMPLETED,OK - sama dengan prod
SO-MG26100626,FINISHING,6,,IMP-2026-SO-MG26100626-FINISHING,2026-07-27,92,2026-07-27,92,0,0,COMPLETED,OK - sama dengan prod
SO-MG26100627,SEWING_MAKLUN,3,Master,IMP-2026-SO-MG26100627-SEWING_MAKLUN,2026-07-27,97,2026-07-27,97,0,0,COMPLETED,OK - sama dengan prod
SO-MG26100627,FINISHING,6,,IMP-2026-SO-MG26100627-FINISHING,2026-07-27,97,2026-07-27,97,0,0,COMPLETED,OK - sama dengan prod
SO-MG26100628,PRINT_MENTAH,1,,IMP-2026-SO-MG26100628-PRINT_MENTAH,2026-07-27,48,2026-07-27,48,0,0,COMPLETED,OK - sama dengan prod
SO-MG26100628,SEWING_MAKLUN,3,Master,IMP-2026-SO-MG26100628-SEWING_MAKLUN,2026-07-27,48,2026-07-27,48,0,0,COMPLETED,OK - sama dengan prod
SO-MG26100628,FINISHING,6,,IMP-2026-SO-MG26100628-FINISHING,2026-07-27,48,2026-07-27,48,0,0,COMPLETED,OK - sama dengan prod
SO-MG26100629,SEWING_MAKLUN,3,Master,IMP-2026-SO-MG26100629-SEWING_MAKLUN,2026-07-27,21,2026-07-27,21,0,0,COMPLETED,OK - sama dengan prod
SO-MG26100629,FINISHING,6,,IMP-2026-SO-MG26100629-FINISHING,2026-07-27,21,2026-07-27,21,0,0,COMPLETED,OK - sama dengan prod
SO-MG26100630,SEWING_MAKLUN,3,Master,IMP-2026-SO-MG26100630-SEWING_MAKLUN,2026-07-27,25,2026-07-27,25,0,0,COMPLETED,OK - sama dengan prod
SO-MG26100630,FINISHING,6,,IMP-2026-SO-MG26100630-FINISHING,2026-07-27,25,2026-07-27,25,0,0,COMPLETED,OK - sama dengan prod
SO-MG26100631,SEWING_MAKLUN,3,Master,IMP-2026-SO-MG26100631-SEWING_MAKLUN,2026-07-27,23,2026-07-27,23,0,0,COMPLETED,OK - sama dengan prod
SO-MG26100631,FINISHING,6,,IMP-2026-SO-MG26100631-FINISHING,2026-07-27,23,2026-07-27,23,0,0,COMPLETED,OK - sama dengan prod
SO-MG26100632,SEWING_MAKLUN,3,Master,IMP-2026-SO-MG26100632-SEWING_MAKLUN,2026-07-27,25,2026-07-27,25,0,0,COMPLETED,OK - sama dengan prod
SO-MG26100632,FINISHING,6,,IMP-2026-SO-MG26100632-FINISHING,2026-07-27,25,2026-07-27,25,0,0,COMPLETED,OK - sama dengan prod
SO-MG26100633,SEWING_MAKLUN,3,Master,IMP-2026-SO-MG26100633-SEWING_MAKLUN,2026-07-27,23,2026-07-27,23,0,0,COMPLETED,OK - sama dengan prod
SO-MG26100633,EMBROIDERY_JADI,5,,IMP-2026-SO-MG26100633-EMBROIDERY_JADI,2026-07-27,23,2026-07-27,23,0,0,COMPLETED,OK - sama dengan prod
SO-MG26100633,FINISHING,6,,IMP-2026-SO-MG26100633-FINISHING,2026-07-27,23,2026-07-27,23,0,0,COMPLETED,OK - sama dengan prod
SO-MG26100634,SEWING_MAKLUN,3,Master,IMP-2026-SO-MG26100634-SEWING_MAKLUN,2026-07-27,24,2026-07-27,24,0,0,COMPLETED,OK - sama dengan prod
SO-MG26100634,EMBROIDERY_JADI,5,,IMP-2026-SO-MG26100634-EMBROIDERY_JADI,2026-07-27,24,2026-07-27,24,0,0,COMPLETED,OK - sama dengan prod
SO-MG26100634,FINISHING,6,,IMP-2026-SO-MG26100634-FINISHING,2026-07-27,24,2026-07-27,24,0,0,COMPLETED,OK - sama dengan prod
SO-MG26100635,SEWING_MAKLUN,3,Master,IMP-2026-SO-MG26100635-SEWING_MAKLUN,2026-07-27,21,2026-07-27,21,0,0,COMPLETED,OK - sama dengan prod
SO-MG26100635,FINISHING,6,,IMP-2026-SO-MG26100635-FINISHING,2026-07-27,21,2026-07-27,21,0,0,COMPLETED,OK - sama dengan prod
SO-MG26100636,SEWING_MAKLUN,3,Master,IMP-2026-SO-MG26100636-SEWING_MAKLUN,2026-07-27,24,2026-07-27,24,0,0,COMPLETED,OK - sama dengan prod
SO-MG26100636,FINISHING,6,,IMP-2026-SO-MG26100636-FINISHING,2026-07-27,24,2026-07-27,24,0,0,COMPLETED,OK - sama dengan prod
SO-MG260185,SEWING_MAKLUN,3,PAK ADE SMD,IMP-2026-SO-MG260185-SEWING_MAKLUN,2026-08-26,146,2026-08-26,146,4,-4,DISCREPANCY_FLAG,DISCREPANCY_FLAG - setia pada angka sumber (bukan bug impor)
SO-MG260185,FINISHING,6,,IMP-2026-SO-MG260185-FINISHING,2026-08-26,146,2026-08-26,146,0,0,COMPLETED,OK - sama dengan prod
SO-MG260186,SEWING_MAKLUN,3,PAK ADE SMD,IMP-2026-SO-MG260186-SEWING_MAKLUN,2026-08-26,132,2026-08-26,128,0,4,DISCREPANCY_FLAG,DISCREPANCY_FLAG - setia pada angka sumber (bukan bug impor)
SO-MG260186,FINISHING,6,,IMP-2026-SO-MG260186-FINISHING,2026-08-26,128,2026-08-26,128,0,0,COMPLETED,OK - sama dengan prod
SO-MG260187,SEWING_MAKLUN,3,PAK ADE SMD,IMP-2026-SO-MG260187-SEWING_MAKLUN,2026-08-26,146,2026-08-26,146,1,-1,DISCREPANCY_FLAG,DISCREPANCY_FLAG - setia pada angka sumber (bukan bug impor)
SO-MG260187,FINISHING,6,,IMP-2026-SO-MG260187-FINISHING,2026-08-26,146,2026-08-26,146,0,0,COMPLETED,OK - sama dengan prod
SO-MG260188,SEWING_MAKLUN,3,PAK ADE SMD,IMP-2026-SO-MG260188-SEWING_MAKLUN,2026-08-26,114,2026-08-26,114,0,0,COMPLETED,OK - sama dengan prod
SO-MG260188,FINISHING,6,,IMP-2026-SO-MG260188-FINISHING,2026-08-26,114,2026-08-26,114,0,0,COMPLETED,OK - sama dengan prod
SO-MG260189,SEWING_MAKLUN,3,MASTER PA PIAN,IMP-2026-SO-MG260189-SEWING_MAKLUN,2026-07-27,235,2026-07-27,235,0,0,COMPLETED,OK - sama dengan prod
SO-MG260189,EMBROIDERY_JADI,5,,IMP-2026-SO-MG260189-EMBROIDERY_JADI,2026-07-27,235,2026-07-27,235,0,0,COMPLETED,OK - sama dengan prod
SO-MG260189,FINISHING,6,,IMP-2026-SO-MG260189-FINISHING,2026-07-27,235,2026-07-27,235,0,0,COMPLETED,OK - sama dengan prod
SO-MG260190,SEWING_MAKLUN,3,MASTER PA PIAN,IMP-2026-SO-MG260190-SEWING_MAKLUN,2026-07-27,124,2026-07-27,124,0,0,COMPLETED,OK - sama dengan prod
SO-MG260190,EMBROIDERY_JADI,5,,IMP-2026-SO-MG260190-EMBROIDERY_JADI,2026-07-27,124,2026-07-27,124,0,0,COMPLETED,OK - sama dengan prod
SO-MG260190,FINISHING,6,,IMP-2026-SO-MG260190-FINISHING,2026-07-27,124,2026-07-27,124,0,0,COMPLETED,OK - sama dengan prod
SO-MG260191,SEWING_MAKLUN,3,PAK ADE SMD,IMP-2026-SO-MG260191-SEWING_MAKLUN,2026-08-26,74,2026-08-26,74,2,-2,DISCREPANCY_FLAG,DISCREPANCY_FLAG - setia pada angka sumber (bukan bug impor)
SO-MG260191,FINISHING,6,,IMP-2026-SO-MG260191-FINISHING,2026-08-26,74,2026-08-26,74,0,0,COMPLETED,OK - sama dengan prod
SO-MG260192,SEWING_MAKLUN,3,PAK ADE SMD,IMP-2026-SO-MG260192-SEWING_MAKLUN,2026-08-26,82,2026-08-26,82,0,0,COMPLETED,OK - sama dengan prod
SO-MG260192,FINISHING,6,,IMP-2026-SO-MG260192-FINISHING,2026-08-26,82,2026-08-26,82,0,0,COMPLETED,OK - sama dengan prod
SO-MG260193,SEWING_MAKLUN,3,PAK ADE SMD,IMP-2026-SO-MG260193-SEWING_MAKLUN,2026-08-26,84,2026-08-26,84,4,-4,DISCREPANCY_FLAG,DISCREPANCY_FLAG - setia pada angka sumber (bukan bug impor)
SO-MG260193,FINISHING,6,,IMP-2026-SO-MG260193-FINISHING,2026-08-26,84,2026-08-26,84,0,0,COMPLETED,OK - sama dengan prod
SO-MG260194,SEWING_MAKLUN,3,AL-ITIHAD GARMENT,IMP-2026-SO-MG260194-SEWING_MAKLUN,2026-07-27,134,2026-07-27,134,0,0,COMPLETED,OK - sama dengan prod
SO-MG260194,EMBROIDERY_JADI,5,,IMP-2026-SO-MG260194-EMBROIDERY_JADI,2026-07-27,134,2026-07-27,134,0,0,COMPLETED,OK - sama dengan prod
SO-MG260194,FINISHING,6,,IMP-2026-SO-MG260194-FINISHING,2026-07-27,134,2026-07-27,134,0,0,COMPLETED,OK - sama dengan prod
SO-MG260195,SEWING_MAKLUN,3,AL-ITIHAD GARMENT,IMP-2026-SO-MG260195-SEWING_MAKLUN,2026-07-27,78,2026-07-27,78,0,0,COMPLETED,OK - sama dengan prod
SO-MG260195,FINISHING,6,,IMP-2026-SO-MG260195-FINISHING,2026-07-27,78,2026-07-27,78,0,0,COMPLETED,OK - sama dengan prod
SO-MG260196,SEWING_MAKLUN,3,AL-ITIHAD GARMENT,IMP-2026-SO-MG260196-SEWING_MAKLUN,2026-07-27,62,2026-07-27,60,0,2,DISCREPANCY_FLAG,DISCREPANCY_FLAG - setia pada angka sumber (bukan bug impor)
SO-MG260196,EMBROIDERY_JADI,5,,IMP-2026-SO-MG260196-EMBROIDERY_JADI,2026-07-27,62,2026-07-27,62,0,0,COMPLETED,OK - sama dengan prod
SO-MG260196,FINISHING,6,,IMP-2026-SO-MG260196-FINISHING,2026-07-27,60,2026-07-27,60,0,0,COMPLETED,OK - sama dengan prod
SO-MG260197,SEWING_MAKLUN,3,AL-ITIHAD GARMENT,IMP-2026-SO-MG260197-SEWING_MAKLUN,2026-07-27,70,2026-07-27,70,0,0,COMPLETED,OK - sama dengan prod
SO-MG260197,EMBROIDERY_JADI,5,,IMP-2026-SO-MG260197-EMBROIDERY_JADI,2026-07-27,70,2026-07-27,70,0,0,COMPLETED,OK - sama dengan prod
SO-MG260197,FINISHING,6,,IMP-2026-SO-MG260197-FINISHING,2026-07-27,70,2026-07-27,70,0,0,COMPLETED,OK - sama dengan prod
SO-MG260198,SEWING_MAKLUN,3,AL-ITIHAD GARMENT,IMP-2026-SO-MG260198-SEWING_MAKLUN,2026-07-27,96,2026-07-27,96,0,0,COMPLETED,OK - sama dengan prod
SO-MG260198,EMBROIDERY_JADI,5,,IMP-2026-SO-MG260198-EMBROIDERY_JADI,2026-07-27,96,2026-07-27,96,0,0,COMPLETED,OK - sama dengan prod
SO-MG260198,FINISHING,6,,IMP-2026-SO-MG260198-FINISHING,2026-07-27,96,2026-07-27,96,0,0,COMPLETED,OK - sama dengan prod
SO-MG260199,SEWING_MAKLUN,3,AL-ITIHAD GARMENT,IMP-2026-SO-MG260199-SEWING_MAKLUN,2026-07-27,60,2026-07-27,60,0,0,COMPLETED,OK - sama dengan prod
SO-MG260199,EMBROIDERY_JADI,5,,IMP-2026-SO-MG260199-EMBROIDERY_JADI,2026-07-27,59,2026-07-27,59,0,0,COMPLETED,OK - sama dengan prod
SO-MG260199,FINISHING,6,,IMP-2026-SO-MG260199-FINISHING,2026-07-27,60,2026-07-27,60,0,0,COMPLETED,OK - sama dengan prod
SO-MG260200,SEWING_MAKLUN,3,AL-ITIHAD GARMENT,IMP-2026-SO-MG260200-SEWING_MAKLUN,2026-07-27,58,2026-07-27,58,0,0,COMPLETED,OK - sama dengan prod
SO-MG260200,EMBROIDERY_JADI,5,,IMP-2026-SO-MG260200-EMBROIDERY_JADI,2026-07-27,58,2026-07-27,58,0,0,COMPLETED,OK - sama dengan prod
SO-MG260200,FINISHING,6,,IMP-2026-SO-MG260200-FINISHING,2026-07-27,58,2026-07-27,58,0,0,COMPLETED,OK - sama dengan prod
SO-MG260201,SEWING_MAKLUN,3,AL-ITIHAD GARMENT,IMP-2026-SO-MG260201-SEWING_MAKLUN,2026-07-27,88,2026-07-27,88,0,0,COMPLETED,OK - sama dengan prod
SO-MG260201,EMBROIDERY_JADI,5,,IMP-2026-SO-MG260201-EMBROIDERY_JADI,2026-07-27,88,2026-07-27,88,0,0,COMPLETED,OK - sama dengan prod
SO-MG260201,FINISHING,6,,IMP-2026-SO-MG260201-FINISHING,2026-07-27,88,2026-07-27,88,0,0,COMPLETED,OK - sama dengan prod
SO-MG260202,SEWING_MAKLUN,3,AL-ITIHAD GARMENT,IMP-2026-SO-MG260202-SEWING_MAKLUN,2026-07-27,64,2026-07-27,64,0,0,COMPLETED,OK - sama dengan prod
SO-MG260202,EMBROIDERY_JADI,5,,IMP-2026-SO-MG260202-EMBROIDERY_JADI,2026-07-27,64,2026-07-27,64,0,0,COMPLETED,OK - sama dengan prod
SO-MG260202,FINISHING,6,,IMP-2026-SO-MG260202-FINISHING,2026-07-27,64,2026-07-27,64,0,0,COMPLETED,OK - sama dengan prod
SO-MG260203,SEWING_MAKLUN,3,AL-ITIHAD GARMENT,IMP-2026-SO-MG260203-SEWING_MAKLUN,2026-07-27,108,2026-07-27,108,0,0,COMPLETED,OK - sama dengan prod
SO-MG260203,EMBROIDERY_JADI,5,,IMP-2026-SO-MG260203-EMBROIDERY_JADI,2026-07-27,108,2026-07-27,108,0,0,COMPLETED,OK - sama dengan prod
SO-MG260203,FINISHING,6,,IMP-2026-SO-MG260203-FINISHING,2026-07-27,108,2026-07-27,108,0,0,COMPLETED,OK - sama dengan prod
SO-MG260204,SEWING_MAKLUN,3,AL-ITIHAD GARMENT,IMP-2026-SO-MG260204-SEWING_MAKLUN,2026-07-27,96,2026-07-27,96,0,0,COMPLETED,OK - sama dengan prod
SO-MG260204,EMBROIDERY_JADI,5,,IMP-2026-SO-MG260204-EMBROIDERY_JADI,2026-07-27,86,2026-07-27,86,0,0,COMPLETED,OK - sama dengan prod
SO-MG260204,FINISHING,6,,IMP-2026-SO-MG260204-FINISHING,2026-07-27,96,2026-07-27,96,0,0,COMPLETED,OK - sama dengan prod
SO-MG260205,SEWING_MAKLUN,3,AL-ITIHAD GARMENT,IMP-2026-SO-MG260205-SEWING_MAKLUN,2026-07-27,90,2026-07-27,90,0,0,COMPLETED,OK - sama dengan prod
SO-MG260205,EMBROIDERY_JADI,5,,IMP-2026-SO-MG260205-EMBROIDERY_JADI,2026-07-27,90,2026-07-27,90,0,0,COMPLETED,OK - sama dengan prod
SO-MG260205,FINISHING,6,,IMP-2026-SO-MG260205-FINISHING,2026-07-27,90,2026-07-27,90,0,0,COMPLETED,OK - sama dengan prod
SO-MG260206,SEWING_MAKLUN,3,AL-ITIHAD GARMENT,IMP-2026-SO-MG260206-SEWING_MAKLUN,2026-07-27,54,2026-07-27,54,0,0,COMPLETED,OK - sama dengan prod
SO-MG260206,EMBROIDERY_JADI,5,,IMP-2026-SO-MG260206-EMBROIDERY_JADI,2026-07-27,54,2026-07-27,54,0,0,COMPLETED,OK - sama dengan prod
SO-MG260206,FINISHING,6,,IMP-2026-SO-MG260206-FINISHING,2026-07-27,54,2026-07-27,54,0,0,COMPLETED,OK - sama dengan prod
SO-MG260207,SEWING_MAKLUN,3,,IMP-2026-SO-MG260207-SEWING_MAKLUN,2026-07-27,85,2026-07-27,0,85,0,PARTIAL_RECEIVED,OK - sama dengan prod
SO-MG260208,SEWING_MAKLUN,3,,IMP-2026-SO-MG260208-SEWING_MAKLUN,2026-07-27,83,2026-07-27,0,83,0,PARTIAL_RECEIVED,OK - sama dengan prod
SO-MG260209,SEWING_MAKLUN,3,,IMP-2026-SO-MG260209-SEWING_MAKLUN,2026-07-27,48,2026-07-27,0,48,0,PARTIAL_RECEIVED,OK - sama dengan prod
SO-MG260210,SEWING_MAKLUN,3,AL-ITIHAD GARMENT,IMP-2026-SO-MG260210-SEWING_MAKLUN,2026-07-27,324,2026-07-27,202,92,30,DISCREPANCY_FLAG,DISCREPANCY_FLAG - setia pada angka sumber (bukan bug impor)
SO-MG260210,FINISHING,6,,IMP-2026-SO-MG260210-FINISHING,2026-07-27,202,2026-07-27,202,0,0,COMPLETED,OK - sama dengan prod
SO-MG260211,SEWING_MAKLUN,3,AL-ITIHAD GARMENT,IMP-2026-SO-MG260211-SEWING_MAKLUN,2026-07-27,132,2026-07-27,164,0,-32,DISCREPANCY_FLAG,DISCREPANCY_FLAG - setia pada angka sumber (bukan bug impor)
SO-MG260211,FINISHING,6,,IMP-2026-SO-MG260211-FINISHING,2026-07-27,164,2026-07-27,164,0,0,COMPLETED,OK - sama dengan prod
SO-MG260212,SEWING_MAKLUN,3,AL-ITIHAD GARMENT,IMP-2026-SO-MG260212-SEWING_MAKLUN,2026-07-27,333,2026-07-27,333,0,0,COMPLETED,OK - sama dengan prod
SO-MG260212,FINISHING,6,,IMP-2026-SO-MG260212-FINISHING,2026-07-27,333,2026-07-27,333,0,0,COMPLETED,OK - sama dengan prod
SO-MG260213,SEWING_MAKLUN,3,AL-ITIHAD GARMENT,IMP-2026-SO-MG260213-SEWING_MAKLUN,2026-07-27,164,2026-07-27,132,0,32,DISCREPANCY_FLAG,DISCREPANCY_FLAG - setia pada angka sumber (bukan bug impor)
SO-MG260213,FINISHING,6,,IMP-2026-SO-MG260213-FINISHING,2026-07-27,132,2026-07-27,132,0,0,COMPLETED,OK - sama dengan prod
SO-MG260214,SEWING_MAKLUN,3,AL-ITIHAD GARMENT,IMP-2026-SO-MG260214-SEWING_MAKLUN,2026-07-27,452,2026-07-27,452,0,0,COMPLETED,OK - sama dengan prod
SO-MG260214,FINISHING,6,,IMP-2026-SO-MG260214-FINISHING,2026-07-27,452,2026-07-27,452,0,0,COMPLETED,OK - sama dengan prod
SO-MG260215,SEWING_MAKLUN,3,MASTER PA PIAN,IMP-2026-SO-MG260215-SEWING_MAKLUN,2026-07-27,834,2026-07-27,834,66,-66,DISCREPANCY_FLAG,DISCREPANCY_FLAG - setia pada angka sumber (bukan bug impor)
SO-MG260215,FINISHING,6,,IMP-2026-SO-MG260215-FINISHING,2026-07-27,834,2026-07-27,834,0,0,COMPLETED,OK - sama dengan prod
SO-MG260216,SEWING_MAKLUN,3,MASTER PA PIAN,IMP-2026-SO-MG260216-SEWING_MAKLUN,2026-07-27,320,2026-07-27,320,5,-5,DISCREPANCY_FLAG,DISCREPANCY_FLAG - setia pada angka sumber (bukan bug impor)
SO-MG260216,FINISHING,6,,IMP-2026-SO-MG260216-FINISHING,2026-07-27,320,2026-07-27,320,0,0,COMPLETED,OK - sama dengan prod
SO-MG260217,SEWING_MAKLUN,3,MASTER PA PIAN,IMP-2026-SO-MG260217-SEWING_MAKLUN,2026-07-27,304,2026-07-27,304,22,-22,DISCREPANCY_FLAG,DISCREPANCY_FLAG - setia pada angka sumber (bukan bug impor)
SO-MG260217,FINISHING,6,,IMP-2026-SO-MG260217-FINISHING,2026-07-27,304,2026-07-27,304,0,0,COMPLETED,OK - sama dengan prod
SO-MG260218,SEWING_MAKLUN,3,MASTER PA PIAN,IMP-2026-SO-MG260218-SEWING_MAKLUN,2026-07-27,348,2026-07-27,348,96,-96,DISCREPANCY_FLAG,DISCREPANCY_FLAG - setia pada angka sumber (bukan bug impor)
SO-MG260218,FINISHING,6,,IMP-2026-SO-MG260218-FINISHING,2026-07-27,348,2026-07-27,348,0,0,COMPLETED,OK - sama dengan prod
SO-MG260219,EMBROIDERY_MENTAH,2,,IMP-2026-SO-MG260219-EMBROIDERY_MENTAH,2026-08-11,102,2026-08-11,102,0,0,COMPLETED,OK - sama dengan prod
SO-MG260219,SEWING_MAKLUN,3,AL-ITIHAD GARMENT,IMP-2026-SO-MG260219-SEWING_MAKLUN,2026-08-11,102,2026-08-11,101,2,-1,DISCREPANCY_FLAG,DISCREPANCY_FLAG - setia pada angka sumber (bukan bug impor)
SO-MG260219,FINISHING,6,,IMP-2026-SO-MG260219-FINISHING,2026-08-11,101,2026-08-11,101,0,0,COMPLETED,OK - sama dengan prod
SO-MG260220,EMBROIDERY_MENTAH,2,,IMP-2026-SO-MG260220-EMBROIDERY_MENTAH,2026-08-11,182,2026-08-11,182,0,0,COMPLETED,OK - sama dengan prod
SO-MG260220,SEWING_MAKLUN,3,AL-ITIHAD GARMENT,IMP-2026-SO-MG260220-SEWING_MAKLUN,2026-08-11,182,2026-08-11,182,0,0,COMPLETED,OK - sama dengan prod
SO-MG260220,FINISHING,6,,IMP-2026-SO-MG260220-FINISHING,2026-08-11,182,2026-08-11,182,0,0,COMPLETED,OK - sama dengan prod
SO-MG260221,EMBROIDERY_MENTAH,2,,IMP-2026-SO-MG260221-EMBROIDERY_MENTAH,2026-08-11,182,2026-08-11,182,0,0,COMPLETED,OK - sama dengan prod
SO-MG260221,SEWING_MAKLUN,3,AL-ITIHAD GARMENT,IMP-2026-SO-MG260221-SEWING_MAKLUN,2026-08-11,182,2026-08-11,181,3,-2,DISCREPANCY_FLAG,DISCREPANCY_FLAG - setia pada angka sumber (bukan bug impor)
SO-MG260221,FINISHING,6,,IMP-2026-SO-MG260221-FINISHING,2026-08-11,181,2026-08-11,181,0,0,COMPLETED,OK - sama dengan prod
SO-MG260222,EMBROIDERY_MENTAH,2,,IMP-2026-SO-MG260222-EMBROIDERY_MENTAH,2026-08-11,182,2026-08-11,182,0,0,COMPLETED,OK - sama dengan prod
SO-MG260222,SEWING_MAKLUN,3,AL-ITIHAD GARMENT,IMP-2026-SO-MG260222-SEWING_MAKLUN,2026-08-11,182,2026-08-11,182,2,-2,DISCREPANCY_FLAG,DISCREPANCY_FLAG - setia pada angka sumber (bukan bug impor)
SO-MG260222,FINISHING,6,,IMP-2026-SO-MG260222-FINISHING,2026-08-11,182,2026-08-11,182,0,0,COMPLETED,OK - sama dengan prod
SO-MG260223,EMBROIDERY_MENTAH,2,,IMP-2026-SO-MG260223-EMBROIDERY_MENTAH,2026-08-11,182,2026-08-11,182,0,0,COMPLETED,OK - sama dengan prod
SO-MG260223,SEWING_MAKLUN,3,AL-ITIHAD GARMENT,IMP-2026-SO-MG260223-SEWING_MAKLUN,2026-08-11,182,2026-08-11,180,1,1,DISCREPANCY_FLAG,DISCREPANCY_FLAG - setia pada angka sumber (bukan bug impor)
SO-MG260223,FINISHING,6,,IMP-2026-SO-MG260223-FINISHING,2026-08-11,180,2026-08-11,180,0,0,COMPLETED,OK - sama dengan prod
SO-MG260224,EMBROIDERY_MENTAH,2,,IMP-2026-SO-MG260224-EMBROIDERY_MENTAH,2026-08-11,102,2026-08-11,102,0,0,COMPLETED,OK - sama dengan prod
SO-MG260224,SEWING_MAKLUN,3,AL-ITIHAD GARMENT,IMP-2026-SO-MG260224-SEWING_MAKLUN,2026-08-11,102,2026-08-11,101,1,0,PARTIAL_RECEIVED,OK - sama dengan prod
SO-MG260224,FINISHING,6,,IMP-2026-SO-MG260224-FINISHING,2026-08-11,101,2026-08-11,101,0,0,COMPLETED,OK - sama dengan prod
SO-MG260225,EMBROIDERY_MENTAH,2,,IMP-2026-SO-MG260225-EMBROIDERY_MENTAH,2026-08-11,102,2026-08-11,102,0,0,COMPLETED,OK - sama dengan prod
SO-MG260225,SEWING_MAKLUN,3,AL-ITIHAD GARMENT,IMP-2026-SO-MG260225-SEWING_MAKLUN,2026-08-11,102,2026-08-11,102,1,-1,DISCREPANCY_FLAG,DISCREPANCY_FLAG - setia pada angka sumber (bukan bug impor)
SO-MG260225,FINISHING,6,,IMP-2026-SO-MG260225-FINISHING,2026-08-11,102,2026-08-11,102,0,0,COMPLETED,OK - sama dengan prod
SO-MG260226,SEWING_MAKLUN,3,MASTER PA PIAN,IMP-2026-SO-MG260226-SEWING_MAKLUN,2026-07-27,1030,2026-07-27,1030,4,-4,DISCREPANCY_FLAG,DISCREPANCY_FLAG - setia pada angka sumber (bukan bug impor)
SO-MG260226,FINISHING,6,,IMP-2026-SO-MG260226-FINISHING,2026-07-27,1030,2026-07-27,1030,0,0,COMPLETED,OK - sama dengan prod
SO-MG260227,SEWING_MAKLUN,3,MASTER PA PIAN,IMP-2026-SO-MG260227-SEWING_MAKLUN,2026-07-27,424,2026-07-27,424,5,-5,DISCREPANCY_FLAG,DISCREPANCY_FLAG - setia pada angka sumber (bukan bug impor)
SO-MG260227,FINISHING,6,,IMP-2026-SO-MG260227-FINISHING,2026-07-27,424,2026-07-27,424,0,0,COMPLETED,OK - sama dengan prod
SO-MG260228,SEWING_MAKLUN,3,MASTER PA PIAN,IMP-2026-SO-MG260228-SEWING_MAKLUN,2026-07-27,372,2026-07-27,372,4,-4,DISCREPANCY_FLAG,DISCREPANCY_FLAG - setia pada angka sumber (bukan bug impor)
SO-MG260228,FINISHING,6,,IMP-2026-SO-MG260228-FINISHING,2026-07-27,372,2026-07-27,372,0,0,COMPLETED,OK - sama dengan prod
SO-MG260229,SEWING_MAKLUN,3,MASTER PA PIAN,IMP-2026-SO-MG260229-SEWING_MAKLUN,2026-07-27,496,2026-07-27,496,11,-11,DISCREPANCY_FLAG,DISCREPANCY_FLAG - setia pada angka sumber (bukan bug impor)
SO-MG260229,FINISHING,6,,IMP-2026-SO-MG260229-FINISHING,2026-07-27,496,2026-07-27,496,0,0,COMPLETED,OK - sama dengan prod
SO-MG260230,SEWING_MAKLUN,3,AL-ITIHAD GARMENT,IMP-2026-SO-MG260230-SEWING_MAKLUN,2026-07-27,213,2026-07-27,213,213,-213,DISCREPANCY_FLAG,DISCREPANCY_FLAG - setia pada angka sumber (bukan bug impor)
SO-MG260230,WASHING,4,,IMP-2026-SO-MG260230-WASHING,2026-07-27,216,2026-07-27,216,0,0,COMPLETED,OK - sama dengan prod
SO-MG260230,FINISHING,6,,IMP-2026-SO-MG260230-FINISHING,2026-07-27,213,2026-07-27,213,0,0,COMPLETED,OK - sama dengan prod
SO-MG260231,SEWING_MAKLUN,3,AL-ITIHAD GARMENT,IMP-2026-SO-MG260231-SEWING_MAKLUN,2026-07-27,65,2026-07-27,64,65,-64,DISCREPANCY_FLAG,DISCREPANCY_FLAG - setia pada angka sumber (bukan bug impor)
SO-MG260231,WASHING,4,,IMP-2026-SO-MG260231-WASHING,2026-07-27,64,2026-07-27,64,0,0,COMPLETED,OK - sama dengan prod
SO-MG260231,FINISHING,6,,IMP-2026-SO-MG260231-FINISHING,2026-07-27,64,2026-07-27,64,0,0,COMPLETED,OK - sama dengan prod
SO-MG260232,SEWING_MAKLUN,3,AL-ITIHAD GARMENT,IMP-2026-SO-MG260232-SEWING_MAKLUN,2026-07-27,418,2026-07-27,417,418,-417,DISCREPANCY_FLAG,DISCREPANCY_FLAG - setia pada angka sumber (bukan bug impor)
SO-MG260232,WASHING,4,,IMP-2026-SO-MG260232-WASHING,2026-07-27,414,2026-07-27,414,0,0,COMPLETED,OK - sama dengan prod
SO-MG260232,FINISHING,6,,IMP-2026-SO-MG260232-FINISHING,2026-07-27,417,2026-07-27,417,0,0,COMPLETED,OK - sama dengan prod
SO-MG260233,SEWING_MAKLUN,3,AL-ITIHAD GARMENT,IMP-2026-SO-MG260233-SEWING_MAKLUN,2026-07-27,215,2026-07-27,211,215,-211,DISCREPANCY_FLAG,DISCREPANCY_FLAG - setia pada angka sumber (bukan bug impor)
SO-MG260233,WASHING,4,,IMP-2026-SO-MG260233-WASHING,2026-07-27,397,2026-07-27,397,0,0,COMPLETED,OK - sama dengan prod
SO-MG260233,FINISHING,6,,IMP-2026-SO-MG260233-FINISHING,2026-07-27,211,2026-07-27,211,0,0,COMPLETED,OK - sama dengan prod
SO-MG260234,SEWING_MAKLUN,3,AL-ITIHAD GARMENT,IMP-2026-SO-MG260234-SEWING_MAKLUN,2026-07-27,441,2026-07-27,436,441,-436,DISCREPANCY_FLAG,DISCREPANCY_FLAG - setia pada angka sumber (bukan bug impor)
SO-MG260234,WASHING,4,,IMP-2026-SO-MG260234-WASHING,2026-07-27,432,2026-07-27,432,0,0,COMPLETED,OK - sama dengan prod
SO-MG260234,FINISHING,6,,IMP-2026-SO-MG260234-FINISHING,2026-07-27,436,2026-07-27,436,0,0,COMPLETED,OK - sama dengan prod
SO-MG260235,SEWING_MAKLUN,3,AL-ITIHAD GARMENT,IMP-2026-SO-MG260235-SEWING_MAKLUN,2026-08-29,830,2026-08-29,144,817,-131,DISCREPANCY_FLAG,DISCREPANCY_FLAG - setia pada angka sumber (bukan bug impor)
SO-MG260235,FINISHING,6,,IMP-2026-SO-MG260235-FINISHING,2026-08-29,144,2026-08-29,144,0,0,COMPLETED,OK - sama dengan prod
SO-MG260236,SEWING_MAKLUN,3,AL-ITIHAD GARMENT,IMP-2026-SO-MG260236-SEWING_MAKLUN,2026-08-27,370,2026-08-27,322,26,22,DISCREPANCY_FLAG,DISCREPANCY_FLAG - setia pada angka sumber (bukan bug impor)
SO-MG260236,FINISHING,6,,IMP-2026-SO-MG260236-FINISHING,2026-08-27,322,2026-08-27,322,0,0,COMPLETED,OK - sama dengan prod
SO-MG260237,SEWING_MAKLUN,3,AL-ITIHAD GARMENT,IMP-2026-SO-MG260237-SEWING_MAKLUN,2026-08-27,250,2026-08-27,239,17,-6,DISCREPANCY_FLAG,DISCREPANCY_FLAG - setia pada angka sumber (bukan bug impor)
SO-MG260237,FINISHING,6,,IMP-2026-SO-MG260237-FINISHING,2026-08-27,239,2026-08-27,239,0,0,COMPLETED,OK - sama dengan prod
SO-MG260238,SEWING_MAKLUN,3,AL-ITIHAD GARMENT,IMP-2026-SO-MG260238-SEWING_MAKLUN,2026-08-27,376,2026-08-27,317,179,-120,DISCREPANCY_FLAG,DISCREPANCY_FLAG - setia pada angka sumber (bukan bug impor)
SO-MG260238,FINISHING,6,,IMP-2026-SO-MG260238-FINISHING,2026-08-27,317,2026-08-27,317,0,0,COMPLETED,OK - sama dengan prod
SO-MG260239,SEWING_MAKLUN,3,AL-ITIHAD GARMENT,IMP-2026-SO-MG260239-SEWING_MAKLUN,2026-08-25,880,2026-08-25,880,34,-34,DISCREPANCY_FLAG,DISCREPANCY_FLAG - setia pada angka sumber (bukan bug impor)
SO-MG260239,FINISHING,6,,IMP-2026-SO-MG260239-FINISHING,2026-08-25,880,2026-08-25,880,0,0,COMPLETED,OK - sama dengan prod
SO-MG260240,SEWING_MAKLUN,3,AL-ITIHAD GARMENT,IMP-2026-SO-MG260240-SEWING_MAKLUN,2026-08-25,322,2026-08-25,322,0,0,COMPLETED,OK - sama dengan prod
SO-MG260240,FINISHING,6,,IMP-2026-SO-MG260240-FINISHING,2026-08-25,322,2026-08-25,322,0,0,COMPLETED,OK - sama dengan prod
SO-MG260241,SEWING_MAKLUN,3,AL-ITIHAD GARMENT,IMP-2026-SO-MG260241-SEWING_MAKLUN,2026-08-25,250,2026-08-25,247,3,0,PARTIAL_RECEIVED,OK - sama dengan prod
SO-MG260241,FINISHING,6,,IMP-2026-SO-MG260241-FINISHING,2026-08-25,247,2026-08-25,247,0,0,COMPLETED,OK - sama dengan prod
SO-MG260242,SEWING_MAKLUN,3,AL-ITIHAD GARMENT,IMP-2026-SO-MG260242-SEWING_MAKLUN,2026-08-25,370,2026-08-25,362,7,1,DISCREPANCY_FLAG,DISCREPANCY_FLAG - setia pada angka sumber (bukan bug impor)
SO-MG260242,FINISHING,6,,IMP-2026-SO-MG260242-FINISHING,2026-08-25,362,2026-08-25,362,0,0,COMPLETED,OK - sama dengan prod
SO-MG260243,SEWING_MAKLUN,3,AL-ITIHAD GARMENT,IMP-2026-SO-MG260243-SEWING_MAKLUN,2026-07-27,119,2026-07-27,0,119,0,PARTIAL_RECEIVED,OK - sama dengan prod
SO-MG260244,SEWING_MAKLUN,3,AL-ITIHAD GARMENT,IMP-2026-SO-MG260244-SEWING_MAKLUN,2026-08-28,148,2026-08-28,148,148,-148,DISCREPANCY_FLAG,DISCREPANCY_FLAG - setia pada angka sumber (bukan bug impor)
SO-MG260244,WASHING,4,,IMP-2026-SO-MG260244-WASHING,2026-08-28,148,2026-08-28,148,0,0,COMPLETED,OK - sama dengan prod
SO-MG260244,FINISHING,6,,IMP-2026-SO-MG260244-FINISHING,2026-08-28,148,2026-08-28,148,0,0,COMPLETED,OK - sama dengan prod
SO-MG260245,EMBROIDERY_MENTAH,2,,IMP-2026-SO-MG260245-EMBROIDERY_MENTAH,2026-07-27,154,2026-07-27,154,0,0,COMPLETED,OK - sama dengan prod
SO-MG260245,SEWING_MAKLUN,3,MASTER PA PIAN,IMP-2026-SO-MG260245-SEWING_MAKLUN,2026-07-27,154,2026-07-27,0,154,0,PARTIAL_RECEIVED,OK - sama dengan prod
SO-MG260246,SEWING_MAKLUN,3,PAK ENGKUS,IMP-2026-SO-MG260246-SEWING_MAKLUN,2026-07-27,100,2026-07-27,0,100,0,PARTIAL_RECEIVED,OK - sama dengan prod
SO-MG260247,EMBROIDERY_MENTAH,2,,IMP-2026-SO-MG260247-EMBROIDERY_MENTAH,2026-08-11,50,2026-08-11,50,0,0,COMPLETED,OK - sama dengan prod
SO-MG260247,SEWING_MAKLUN,3,AL-ITIHAD GARMENT,IMP-2026-SO-MG260247-SEWING_MAKLUN,2026-08-11,50,2026-08-11,50,0,0,COMPLETED,OK - sama dengan prod
SO-MG260247,FINISHING,6,,IMP-2026-SO-MG260247-FINISHING,2026-08-11,50,2026-08-11,50,0,0,COMPLETED,OK - sama dengan prod
SO-MG260248,EMBROIDERY_MENTAH,2,,IMP-2026-SO-MG260248-EMBROIDERY_MENTAH,2026-08-11,130,2026-08-11,130,0,0,COMPLETED,OK - sama dengan prod
SO-MG260248,SEWING_MAKLUN,3,AL-ITIHAD GARMENT,IMP-2026-SO-MG260248-SEWING_MAKLUN,2026-08-11,130,2026-08-11,130,68,-68,DISCREPANCY_FLAG,DISCREPANCY_FLAG - setia pada angka sumber (bukan bug impor)
SO-MG260248,FINISHING,6,,IMP-2026-SO-MG260248-FINISHING,2026-08-11,130,2026-08-11,130,0,0,COMPLETED,OK - sama dengan prod
SO-MG260249,EMBROIDERY_MENTAH,2,,IMP-2026-SO-MG260249-EMBROIDERY_MENTAH,2026-08-11,114,2026-08-11,114,0,0,COMPLETED,OK - sama dengan prod
SO-MG260249,SEWING_MAKLUN,3,AL-ITIHAD GARMENT,IMP-2026-SO-MG260249-SEWING_MAKLUN,2026-08-11,114,2026-08-11,113,67,-66,DISCREPANCY_FLAG,DISCREPANCY_FLAG - setia pada angka sumber (bukan bug impor)
SO-MG260249,FINISHING,6,,IMP-2026-SO-MG260249-FINISHING,2026-08-11,113,2026-08-11,113,0,0,COMPLETED,OK - sama dengan prod
SO-MG260250,EMBROIDERY_MENTAH,2,,IMP-2026-SO-MG260250-EMBROIDERY_MENTAH,2026-08-11,189,2026-08-11,189,0,0,COMPLETED,OK - sama dengan prod
SO-MG260250,SEWING_MAKLUN,3,AL-ITIHAD GARMENT,IMP-2026-SO-MG260250-SEWING_MAKLUN,2026-08-11,189,2026-08-11,189,132,-132,DISCREPANCY_FLAG,DISCREPANCY_FLAG - setia pada angka sumber (bukan bug impor)
SO-MG260250,FINISHING,6,,IMP-2026-SO-MG260250-FINISHING,2026-08-11,189,2026-08-11,189,0,0,COMPLETED,OK - sama dengan prod
SO-MG260251,EMBROIDERY_MENTAH,2,,IMP-2026-SO-MG260251-EMBROIDERY_MENTAH,2026-08-11,117,2026-08-11,117,0,0,COMPLETED,OK - sama dengan prod
SO-MG260251,SEWING_MAKLUN,3,AL-ITIHAD GARMENT,IMP-2026-SO-MG260251-SEWING_MAKLUN,2026-08-11,117,2026-08-11,117,60,-60,DISCREPANCY_FLAG,DISCREPANCY_FLAG - setia pada angka sumber (bukan bug impor)
SO-MG260251,FINISHING,6,,IMP-2026-SO-MG260251-FINISHING,2026-08-11,117,2026-08-11,117,0,0,COMPLETED,OK - sama dengan prod
SO-MG260252,EMBROIDERY_MENTAH,2,,IMP-2026-SO-MG260252-EMBROIDERY_MENTAH,2026-08-11,188,2026-08-11,188,0,0,COMPLETED,OK - sama dengan prod
SO-MG260252,SEWING_MAKLUN,3,AL-ITIHAD GARMENT,IMP-2026-SO-MG260252-SEWING_MAKLUN,2026-08-11,188,2026-08-11,188,135,-135,DISCREPANCY_FLAG,DISCREPANCY_FLAG - setia pada angka sumber (bukan bug impor)
SO-MG260252,FINISHING,6,,IMP-2026-SO-MG260252-FINISHING,2026-08-11,188,2026-08-11,188,0,0,COMPLETED,OK - sama dengan prod
SO-MG260253,EMBROIDERY_MENTAH,2,,IMP-2026-SO-MG260253-EMBROIDERY_MENTAH,2026-08-11,192,2026-08-11,192,0,0,COMPLETED,OK - sama dengan prod
SO-MG260253,SEWING_MAKLUN,3,AL-ITIHAD GARMENT,IMP-2026-SO-MG260253-SEWING_MAKLUN,2026-08-11,192,2026-08-11,192,139,-139,DISCREPANCY_FLAG,DISCREPANCY_FLAG - setia pada angka sumber (bukan bug impor)
SO-MG260253,FINISHING,6,,IMP-2026-SO-MG260253-FINISHING,2026-08-11,192,2026-08-11,192,0,0,COMPLETED,OK - sama dengan prod
SO-MG260254,PRINT_MENTAH,1,,IMP-2026-SO-MG260254-PRINT_MENTAH,2026-07-27,189,2026-07-27,189,0,0,COMPLETED,OK - sama dengan prod
SO-MG260254,SEWING_MAKLUN,3,AL-ITIHAD GARMENT,IMP-2026-SO-MG260254-SEWING_MAKLUN,2026-07-27,156,2026-07-27,0,156,0,PARTIAL_RECEIVED,OK - sama dengan prod
SO-MG260255,SEWING_MAKLUN,3,AL-ITIHAD GARMENT,IMP-2026-SO-MG260255-SEWING_MAKLUN,2026-07-27,156,2026-07-27,0,156,0,PARTIAL_RECEIVED,OK - sama dengan prod
SO-MG260256,SEWING_MAKLUN,3,AL-ITIHAD GARMENT,IMP-2026-SO-MG260256-SEWING_MAKLUN,2026-07-27,613,2026-07-27,613,0,0,COMPLETED,OK - sama dengan prod
SO-MG260256,FINISHING,6,,IMP-2026-SO-MG260256-FINISHING,2026-07-27,613,2026-07-27,613,0,0,COMPLETED,OK - sama dengan prod
SO-MG260257,PRINT_MENTAH,1,,IMP-2026-SO-MG260257-PRINT_MENTAH,2026-07-27,1350,2026-07-27,1350,0,0,COMPLETED,OK - sama dengan prod
SO-MG260257,SEWING_MAKLUN,3,,IMP-2026-SO-MG260257-SEWING_MAKLUN,2026-07-27,1350,2026-07-27,0,1350,0,PARTIAL_RECEIVED,OK - sama dengan prod
SO-MG260257,WASHING,4,,IMP-2026-SO-MG260257-WASHING,2026-07-27,2,2026-07-27,2,0,0,COMPLETED,OK - sama dengan prod
SO-MG260258,PRINT_MENTAH,1,,IMP-2026-SO-MG260258-PRINT_MENTAH,2026-07-27,1530,2026-07-27,1530,0,0,COMPLETED,OK - sama dengan prod
SO-MG260258,SEWING_MAKLUN,3,,IMP-2026-SO-MG260258-SEWING_MAKLUN,2026-07-27,1765,2026-07-27,0,1765,0,PARTIAL_RECEIVED,OK - sama dengan prod
SO-MG260259,PRINT_MENTAH,1,,IMP-2026-SO-MG260259-PRINT_MENTAH,2026-07-27,1500,2026-07-27,1500,0,0,COMPLETED,OK - sama dengan prod
SO-MG260259,SEWING_MAKLUN,3,,IMP-2026-SO-MG260259-SEWING_MAKLUN,2026-07-27,1500,2026-07-27,0,1500,0,PARTIAL_RECEIVED,OK - sama dengan prod
SO-MG260260,PRINT_MENTAH,1,,IMP-2026-SO-MG260260-PRINT_MENTAH,2026-07-27,1700,2026-07-27,1700,0,0,COMPLETED,OK - sama dengan prod
SO-MG260260,SEWING_MAKLUN,3,,IMP-2026-SO-MG260260-SEWING_MAKLUN,2026-07-27,1700,2026-07-27,0,1700,0,PARTIAL_RECEIVED,OK - sama dengan prod
SO-MG260261,EMBROIDERY_MENTAH,2,,IMP-2026-SO-MG260261-EMBROIDERY_MENTAH,2026-08-26,98,2026-08-26,98,0,0,COMPLETED,OK - sama dengan prod
SO-MG260261,SEWING_MAKLUN,3,MASTER PA PIAN,IMP-2026-SO-MG260261-SEWING_MAKLUN,2026-08-26,98,2026-08-26,98,0,0,COMPLETED,OK - sama dengan prod
SO-MG260261,FINISHING,6,,IMP-2026-SO-MG260261-FINISHING,2026-08-26,98,2026-08-26,98,0,0,COMPLETED,OK - sama dengan prod
SO-MG260262,EMBROIDERY_MENTAH,2,,IMP-2026-SO-MG260262-EMBROIDERY_MENTAH,2026-08-26,92,2026-08-26,92,0,0,COMPLETED,OK - sama dengan prod
SO-MG260262,SEWING_MAKLUN,3,MASTER PA PIAN,IMP-2026-SO-MG260262-SEWING_MAKLUN,2026-08-26,92,2026-08-26,92,0,0,COMPLETED,OK - sama dengan prod
SO-MG260262,FINISHING,6,,IMP-2026-SO-MG260262-FINISHING,2026-08-26,92,2026-08-26,92,0,0,COMPLETED,OK - sama dengan prod
SO-MG260263,SEWING_MAKLUN,3,AL-ITIHAD GARMENT,IMP-2026-SO-MG260263-SEWING_MAKLUN,2026-08-11,280,2026-08-11,280,0,0,COMPLETED,OK - sama dengan prod
SO-MG260263,FINISHING,6,,IMP-2026-SO-MG260263-FINISHING,2026-08-11,280,2026-08-11,280,0,0,COMPLETED,OK - sama dengan prod
SO-MG260266,EMBROIDERY_MENTAH,2,,IMP-2026-SO-MG260266-EMBROIDERY_MENTAH,2026-08-12,1025,2026-08-12,1025,0,0,COMPLETED,OK - sama dengan prod
SO-MG260266,SEWING_MAKLUN,3,AL-ITIHAD GARMENT,IMP-2026-SO-MG260266-SEWING_MAKLUN,2026-08-12,1025,2026-08-12,3,1025,-3,DISCREPANCY_FLAG,DISCREPANCY_FLAG - setia pada angka sumber (bukan bug impor)
SO-MG260266,WASHING,4,,IMP-2026-SO-MG260266-WASHING,2026-08-12,3,2026-08-12,3,0,0,COMPLETED,OK - sama dengan prod
SO-MG260266,FINISHING,6,,IMP-2026-SO-MG260266-FINISHING,2026-08-12,3,2026-08-12,3,0,0,COMPLETED,OK - sama dengan prod
SO-MG260267,SEWING_MAKLUN,3,MASTER PA PIAN,IMP-2026-SO-MG260267-SEWING_MAKLUN,2026-08-12,120,2026-08-12,120,0,0,COMPLETED,OK - sama dengan prod
SO-MG260267,EMBROIDERY_JADI,5,,IMP-2026-SO-MG260267-EMBROIDERY_JADI,2026-08-12,120,2026-08-12,120,0,0,COMPLETED,OK - sama dengan prod
SO-MG260267,FINISHING,6,,IMP-2026-SO-MG260267-FINISHING,2026-08-12,120,2026-08-12,120,0,0,COMPLETED,OK - sama dengan prod
SO-MG260268,SEWING_MAKLUN,3,MASTER PA PIAN,IMP-2026-SO-MG260268-SEWING_MAKLUN,2026-08-12,100,2026-08-12,100,0,0,COMPLETED,OK - sama dengan prod
SO-MG260268,EMBROIDERY_JADI,5,,IMP-2026-SO-MG260268-EMBROIDERY_JADI,2026-08-12,100,2026-08-12,100,0,0,COMPLETED,OK - sama dengan prod
SO-MG260268,FINISHING,6,,IMP-2026-SO-MG260268-FINISHING,2026-08-12,100,2026-08-12,100,0,0,COMPLETED,OK - sama dengan prod
SO-MG260269,SEWING_MAKLUN,3,MASTER PA PIAN,IMP-2026-SO-MG260269-SEWING_MAKLUN,2026-08-12,122,2026-08-12,122,1,-1,DISCREPANCY_FLAG,DISCREPANCY_FLAG - setia pada angka sumber (bukan bug impor)
SO-MG260269,EMBROIDERY_JADI,5,,IMP-2026-SO-MG260269-EMBROIDERY_JADI,2026-08-12,122,2026-08-12,122,0,0,COMPLETED,OK - sama dengan prod
SO-MG260269,FINISHING,6,,IMP-2026-SO-MG260269-FINISHING,2026-08-12,122,2026-08-12,122,0,0,COMPLETED,OK - sama dengan prod
SO-MG260270,SEWING_MAKLUN,3,MASTER PA NANA,IMP-2026-SO-MG260270-SEWING_MAKLUN,2026-08-12,112,2026-08-12,112,0,0,COMPLETED,OK - sama dengan prod
SO-MG260270,EMBROIDERY_JADI,5,,IMP-2026-SO-MG260270-EMBROIDERY_JADI,2026-08-12,112,2026-08-12,112,0,0,COMPLETED,OK - sama dengan prod
SO-MG260270,FINISHING,6,,IMP-2026-SO-MG260270-FINISHING,2026-08-12,112,2026-08-12,112,0,0,COMPLETED,OK - sama dengan prod
SO-MG260271,SEWING_MAKLUN,3,MASTER PA NANA,IMP-2026-SO-MG260271-SEWING_MAKLUN,2026-08-12,120,2026-08-12,120,0,0,COMPLETED,OK - sama dengan prod
SO-MG260271,EMBROIDERY_JADI,5,,IMP-2026-SO-MG260271-EMBROIDERY_JADI,2026-08-12,120,2026-08-12,120,0,0,COMPLETED,OK - sama dengan prod
SO-MG260271,FINISHING,6,,IMP-2026-SO-MG260271-FINISHING,2026-08-12,120,2026-08-12,120,0,0,COMPLETED,OK - sama dengan prod
SO-MG260272,SEWING_MAKLUN,3,MASTER PA NANA,IMP-2026-SO-MG260272-SEWING_MAKLUN,2026-08-12,100,2026-08-12,100,0,0,COMPLETED,OK - sama dengan prod
SO-MG260272,EMBROIDERY_JADI,5,,IMP-2026-SO-MG260272-EMBROIDERY_JADI,2026-08-12,100,2026-08-12,100,0,0,COMPLETED,OK - sama dengan prod
SO-MG260272,FINISHING,6,,IMP-2026-SO-MG260272-FINISHING,2026-08-12,100,2026-08-12,100,0,0,COMPLETED,OK - sama dengan prod
SO-MG260273,SEWING_MAKLUN,3,MASTER PA NANA,IMP-2026-SO-MG260273-SEWING_MAKLUN,2026-08-14,142,2026-08-14,0,142,0,PARTIAL_RECEIVED,OK - sama dengan prod
SO-MG260274,SEWING_MAKLUN,3,MASTER PA NANA,IMP-2026-SO-MG260274-SEWING_MAKLUN,2026-08-14,140,2026-08-14,0,140,0,PARTIAL_RECEIVED,OK - sama dengan prod
SO-MG260275,SEWING_MAKLUN,3,MASTER PA NANA,IMP-2026-SO-MG260275-SEWING_MAKLUN,2026-08-16,335,2026-08-16,0,335,0,PARTIAL_RECEIVED,OK - sama dengan prod
SO-MG260276,SEWING_MAKLUN,3,MASTER PA NANA,IMP-2026-SO-MG260276-SEWING_MAKLUN,2026-08-16,337,2026-08-16,0,337,0,PARTIAL_RECEIVED,OK - sama dengan prod
SO-MG260276,WASHING,4,,IMP-2026-SO-MG260276-WASHING,2026-08-16,272,2026-08-16,272,0,0,COMPLETED,OK - sama dengan prod
SO-MG260277,SEWING_MAKLUN,3,MASTER PA NANA,IMP-2026-SO-MG260277-SEWING_MAKLUN,2026-08-16,323,2026-08-16,0,323,0,PARTIAL_RECEIVED,OK - sama dengan prod
SO-MG260277,WASHING,4,,IMP-2026-SO-MG260277-WASHING,2026-08-16,70,2026-08-16,70,0,0,COMPLETED,OK - sama dengan prod
SO-MG260278,SEWING_MAKLUN,3,MASTER PA NANA,IMP-2026-SO-MG260278-SEWING_MAKLUN,2026-08-16,310,2026-08-16,0,310,0,PARTIAL_RECEIVED,OK - sama dengan prod
SO-MG260279,SEWING_MAKLUN,3,MASTER PA NANA,IMP-2026-SO-MG260279-SEWING_MAKLUN,2026-08-16,147,2026-08-16,0,147,0,PARTIAL_RECEIVED,OK - sama dengan prod
SO-MG260279,WASHING,4,,IMP-2026-SO-MG260279-WASHING,2026-08-16,140,2026-08-16,140,0,0,COMPLETED,OK - sama dengan prod
SO-MG260280,SEWING_MAKLUN,3,MASTER PA NANA,IMP-2026-SO-MG260280-SEWING_MAKLUN,2026-08-16,70,2026-08-16,0,1,69,DISCREPANCY_FLAG,DISCREPANCY_FLAG - setia pada angka sumber (bukan bug impor)
SO-MG260281,SEWING_MAKLUN,3,MASTER PA NANA,IMP-2026-SO-MG260281-SEWING_MAKLUN,2026-08-16,68,2026-08-16,0,0,68,DISCREPANCY_FLAG,DISCREPANCY_FLAG - setia pada angka sumber (bukan bug impor)
SO-MG260282,SEWING_MAKLUN,3,MASTER PA NANA,IMP-2026-SO-MG260282-SEWING_MAKLUN,2026-08-16,66,2026-08-16,0,0,66,DISCREPANCY_FLAG,DISCREPANCY_FLAG - setia pada angka sumber (bukan bug impor)
SO-MG260283,SEWING_MAKLUN,3,MASTER PA NANA,IMP-2026-SO-MG260283-SEWING_MAKLUN,2026-08-16,59,2026-08-16,0,0,59,DISCREPANCY_FLAG,DISCREPANCY_FLAG - setia pada angka sumber (bukan bug impor)
SO-MG260284,SEWING_MAKLUN,3,MASTER PA NANA,IMP-2026-SO-MG260284-SEWING_MAKLUN,2026-08-16,66,2026-08-16,0,0,66,DISCREPANCY_FLAG,DISCREPANCY_FLAG - setia pada angka sumber (bukan bug impor)
SO-MG260285,SEWING_MAKLUN,3,MASTER PA NANA,IMP-2026-SO-MG260285-SEWING_MAKLUN,2026-08-16,55,2026-08-16,0,0,55,DISCREPANCY_FLAG,DISCREPANCY_FLAG - setia pada angka sumber (bukan bug impor)
SO-MG260286,PRINT_MENTAH,1,,IMP-2026-SO-MG260286-PRINT_MENTAH,2026-08-28,402,2026-08-28,402,0,0,COMPLETED,OK - sama dengan prod
SO-MG260286,SEWING_MAKLUN,3,AL-ITIHAD GARMENT,IMP-2026-SO-MG260286-SEWING_MAKLUN,2026-08-28,402,2026-08-28,0,402,0,PARTIAL_RECEIVED,OK - sama dengan prod
SO-MG260287,SEWING_MAKLUN,3,AL-ITIHAD GARMENT,IMP-2026-SO-MG260287-SEWING_MAKLUN,2026-08-28,596,2026-08-28,0,596,0,PARTIAL_RECEIVED,OK - sama dengan prod
SO-MG260288,SEWING_MAKLUN,3,AL-ITIHAD GARMENT,IMP-2026-SO-MG260288-SEWING_MAKLUN,2026-08-14,853,2026-08-14,0,853,0,PARTIAL_RECEIVED,OK - sama dengan prod
SO-MG260290,PRINT_MENTAH,1,,IMP-2026-SO-MG260290-PRINT_MENTAH,2026-08-28,61,2026-08-28,61,0,0,COMPLETED,OK - sama dengan prod
SO-MG260290,SEWING_MAKLUN,3,AL-ITIHAD GARMENT,IMP-2026-SO-MG260290-SEWING_MAKLUN,2026-08-28,61,2026-08-28,0,61,0,PARTIAL_RECEIVED,OK - sama dengan prod
SO-MG260291,PRINT_MENTAH,1,,IMP-2026-SO-MG260291-PRINT_MENTAH,2026-08-28,200,2026-08-28,200,0,0,COMPLETED,OK - sama dengan prod
SO-MG260291,SEWING_MAKLUN,3,AL-ITIHAD GARMENT,IMP-2026-SO-MG260291-SEWING_MAKLUN,2026-08-28,200,2026-08-28,0,200,0,PARTIAL_RECEIVED,OK - sama dengan prod
SO-MG260292,SEWING_MAKLUN,3,AL-ITIHAD GARMENT,IMP-2026-SO-MG260292-SEWING_MAKLUN,2026-08-28,80,2026-08-28,0,80,0,PARTIAL_RECEIVED,OK - sama dengan prod
SO-MG260293,SEWING_MAKLUN,3,,IMP-2026-SO-MG260293-SEWING_MAKLUN,2026-08-18,255,2026-08-18,0,255,0,PARTIAL_RECEIVED,OK - sama dengan prod
SO-MG260294,SEWING_MAKLUN,3,,IMP-2026-SO-MG260294-SEWING_MAKLUN,2026-08-18,235,2026-08-18,0,235,0,PARTIAL_RECEIVED,OK - sama dengan prod
SO-MG260296,SEWING_MAKLUN,3,,IMP-2026-SO-MG260296-SEWING_MAKLUN,2026-08-18,150,2026-08-18,0,150,0,PARTIAL_RECEIVED,OK - sama dengan prod
SO-MG260307,SEWING_MAKLUN,3,AL-ITIHAD GARMENT,IMP-2026-SO-MG260307-SEWING_MAKLUN,2026-08-28,132,2026-08-28,121,132,-121,DISCREPANCY_FLAG,DISCREPANCY_FLAG - setia pada angka sumber (bukan bug impor)
SO-MG260307,EMBROIDERY_JADI,5,,IMP-2026-SO-MG260307-EMBROIDERY_JADI,2026-08-28,121,2026-08-28,121,0,0,COMPLETED,OK - sama dengan prod
SO-MG260307,FINISHING,6,,IMP-2026-SO-MG260307-FINISHING,2026-08-28,121,2026-08-28,121,0,0,COMPLETED,OK - sama dengan prod
SO-MG260308,SEWING_MAKLUN,3,AL-ITIHAD GARMENT,IMP-2026-SO-MG260308-SEWING_MAKLUN,2026-08-28,96,2026-08-28,96,96,-96,DISCREPANCY_FLAG,DISCREPANCY_FLAG - setia pada angka sumber (bukan bug impor)
SO-MG260308,EMBROIDERY_JADI,5,,IMP-2026-SO-MG260308-EMBROIDERY_JADI,2026-08-28,96,2026-08-28,96,0,0,COMPLETED,OK - sama dengan prod
SO-MG260308,FINISHING,6,,IMP-2026-SO-MG260308-FINISHING,2026-08-28,96,2026-08-28,96,0,0,COMPLETED,OK - sama dengan prod
SO-MG260309,SEWING_MAKLUN,3,AL-ITIHAD GARMENT,IMP-2026-SO-MG260309-SEWING_MAKLUN,2026-08-28,108,2026-08-28,108,108,-108,DISCREPANCY_FLAG,DISCREPANCY_FLAG - setia pada angka sumber (bukan bug impor)
SO-MG260309,EMBROIDERY_JADI,5,,IMP-2026-SO-MG260309-EMBROIDERY_JADI,2026-08-28,108,2026-08-28,108,0,0,COMPLETED,OK - sama dengan prod
SO-MG260309,FINISHING,6,,IMP-2026-SO-MG260309-FINISHING,2026-08-28,108,2026-08-28,108,0,0,COMPLETED,OK - sama dengan prod
SO-MG260310,SEWING_MAKLUN,3,AL-ITIHAD GARMENT,IMP-2026-SO-MG260310-SEWING_MAKLUN,2026-08-28,108,2026-08-28,108,108,-108,DISCREPANCY_FLAG,DISCREPANCY_FLAG - setia pada angka sumber (bukan bug impor)
SO-MG260310,EMBROIDERY_JADI,5,,IMP-2026-SO-MG260310-EMBROIDERY_JADI,2026-08-28,108,2026-08-28,108,0,0,COMPLETED,OK - sama dengan prod
SO-MG260310,FINISHING,6,,IMP-2026-SO-MG260310-FINISHING,2026-08-28,108,2026-08-28,108,0,0,COMPLETED,OK - sama dengan prod
SO-MG260311,SEWING_MAKLUN,3,AL-ITIHAD GARMENT,IMP-2026-SO-MG260311-SEWING_MAKLUN,2026-08-28,120,2026-08-28,117,120,-117,DISCREPANCY_FLAG,DISCREPANCY_FLAG - setia pada angka sumber (bukan bug impor)
SO-MG260311,EMBROIDERY_JADI,5,,IMP-2026-SO-MG260311-EMBROIDERY_JADI,2026-08-28,117,2026-08-28,117,0,0,COMPLETED,OK - sama dengan prod
SO-MG260311,FINISHING,6,,IMP-2026-SO-MG260311-FINISHING,2026-08-28,117,2026-08-28,117,0,0,COMPLETED,OK - sama dengan prod
SO-MG260312,SEWING_MAKLUN,3,AL-ITIHAD GARMENT,IMP-2026-SO-MG260312-SEWING_MAKLUN,2026-08-28,102,2026-08-28,101,102,-101,DISCREPANCY_FLAG,DISCREPANCY_FLAG - setia pada angka sumber (bukan bug impor)
SO-MG260312,EMBROIDERY_JADI,5,,IMP-2026-SO-MG260312-EMBROIDERY_JADI,2026-08-28,101,2026-08-28,101,0,0,COMPLETED,OK - sama dengan prod
SO-MG260312,FINISHING,6,,IMP-2026-SO-MG260312-FINISHING,2026-08-28,101,2026-08-28,101,0,0,COMPLETED,OK - sama dengan prod
SO-MG260313,SEWING_MAKLUN,3,AL-ITIHAD GARMENT,IMP-2026-SO-MG260313-SEWING_MAKLUN,2026-08-28,108,2026-08-28,109,108,-109,DISCREPANCY_FLAG,DISCREPANCY_FLAG - setia pada angka sumber (bukan bug impor)
SO-MG260313,EMBROIDERY_JADI,5,,IMP-2026-SO-MG260313-EMBROIDERY_JADI,2026-08-28,109,2026-08-28,109,0,0,COMPLETED,OK - sama dengan prod
SO-MG260313,FINISHING,6,,IMP-2026-SO-MG260313-FINISHING,2026-08-28,109,2026-08-28,109,0,0,COMPLETED,OK - sama dengan prod
SO-MG260314,SEWING_MAKLUN,3,AL-ITIHAD GARMENT,IMP-2026-SO-MG260314-SEWING_MAKLUN,2026-08-28,78,2026-08-28,78,78,-78,DISCREPANCY_FLAG,DISCREPANCY_FLAG - setia pada angka sumber (bukan bug impor)
SO-MG260314,EMBROIDERY_JADI,5,,IMP-2026-SO-MG260314-EMBROIDERY_JADI,2026-08-28,78,2026-08-28,78,0,0,COMPLETED,OK - sama dengan prod
SO-MG260314,FINISHING,6,,IMP-2026-SO-MG260314-FINISHING,2026-08-28,78,2026-08-28,78,0,0,COMPLETED,OK - sama dengan prod
SO-MG260315,SEWING_MAKLUN,3,AL-ITIHAD GARMENT,IMP-2026-SO-MG260315-SEWING_MAKLUN,2026-08-28,88,2026-08-28,88,88,-88,DISCREPANCY_FLAG,DISCREPANCY_FLAG - setia pada angka sumber (bukan bug impor)
SO-MG260315,EMBROIDERY_JADI,5,,IMP-2026-SO-MG260315-EMBROIDERY_JADI,2026-08-28,88,2026-08-28,88,0,0,COMPLETED,OK - sama dengan prod
SO-MG260315,FINISHING,6,,IMP-2026-SO-MG260315-FINISHING,2026-08-28,88,2026-08-28,88,0,0,COMPLETED,OK - sama dengan prod
SO-MG260316,SEWING_MAKLUN,3,AL-ITIHAD GARMENT,IMP-2026-SO-MG260316-SEWING_MAKLUN,2026-08-28,88,2026-08-28,88,88,-88,DISCREPANCY_FLAG,DISCREPANCY_FLAG - setia pada angka sumber (bukan bug impor)
SO-MG260316,EMBROIDERY_JADI,5,,IMP-2026-SO-MG260316-EMBROIDERY_JADI,2026-08-28,88,2026-08-28,88,0,0,COMPLETED,OK - sama dengan prod
SO-MG260316,FINISHING,6,,IMP-2026-SO-MG260316-FINISHING,2026-08-28,88,2026-08-28,88,0,0,COMPLETED,OK - sama dengan prod
SO-MG260317,SEWING_MAKLUN,3,AL-ITIHAD GARMENT,IMP-2026-SO-MG260317-SEWING_MAKLUN,2026-08-28,104,2026-08-28,104,104,-104,DISCREPANCY_FLAG,DISCREPANCY_FLAG - setia pada angka sumber (bukan bug impor)
SO-MG260317,EMBROIDERY_JADI,5,,IMP-2026-SO-MG260317-EMBROIDERY_JADI,2026-08-28,104,2026-08-28,104,0,0,COMPLETED,OK - sama dengan prod
SO-MG260317,FINISHING,6,,IMP-2026-SO-MG260317-FINISHING,2026-08-28,104,2026-08-28,104,0,0,COMPLETED,OK - sama dengan prod
SO-MG260318,SEWING_MAKLUN,3,AL-ITIHAD GARMENT,IMP-2026-SO-MG260318-SEWING_MAKLUN,2026-08-28,82,2026-08-28,81,82,-81,DISCREPANCY_FLAG,DISCREPANCY_FLAG - setia pada angka sumber (bukan bug impor)
SO-MG260318,EMBROIDERY_JADI,5,,IMP-2026-SO-MG260318-EMBROIDERY_JADI,2026-08-28,81,2026-08-28,81,0,0,COMPLETED,OK - sama dengan prod
SO-MG260318,FINISHING,6,,IMP-2026-SO-MG260318-FINISHING,2026-08-28,81,2026-08-28,81,0,0,COMPLETED,OK - sama dengan prod
SO-MG260322,PRINT_MENTAH,1,,IMP-2026-SO-MG260322-PRINT_MENTAH,2026-08-26,694,2026-08-26,694,0,0,COMPLETED,OK - sama dengan prod
SO-MG260323,PRINT_MENTAH,1,,IMP-2026-SO-MG260323-PRINT_MENTAH,2026-08-26,693,2026-08-26,693,0,0,COMPLETED,OK - sama dengan prod
SO-MG260324,PRINT_MENTAH,1,,IMP-2026-SO-MG260324-PRINT_MENTAH,2026-08-26,693,2026-08-26,693,0,0,COMPLETED,OK - sama dengan prod
