name,category,_REKONSILIASI
WARNING,BUYER,OK - sudah ada di prod
AL-ITIHAD GARMENT,MAKLUN_SEWING,OK - sudah ada di prod
CJM EMBROIDERY,SUBCON_EMBROIDERY,OK - sudah ada di prod
RITE CLEAN WASHING,SUBCON_WASHING,OK - sudah ada di prod
PA GANDA PRINT,SUBCON_PRINT,OK - sudah ada di prod
DELUSI,BUYER,OK - sudah ada di prod
PAK ADE SMD,MAKLUN_SEWING,OK - sudah ada di prod
KO DEDE EMBRO,SUBCON_EMBROIDERY,OK - sudah ada di prod
MASTER LAUNDRY,SUBCON_WASHING,OK - sudah ada di prod
MAS KIRNO PRINT,SUBCON_PRINT,OK - sudah ada di prod
NEVER SURRENDER,BUYER,OK - sudah ada di prod
PAK ADE CIPARAY,MAKLUN_SEWING,OK - sudah ada di prod
ANUGRAH WASHING,SUBCON_WASHING,OK - sudah ada di prod
CIPTA JAYA PRINT,SUBCON_PRINT,OK - sudah ada di prod
OXFOORD,BUYER,OK - sudah ada di prod
A DADANG,MAKLUN_SEWING,OK - sudah ada di prod
BLESSINDO WASHING,SUBCON_WASHING,OK - sudah ada di prod
TRAVEOLOGY,BUYER,OK - sudah ada di prod
PAK AEP TASIK,MAKLUN_SEWING,OK - sudah ada di prod
ELPITO WASHING,SUBCON_WASHING,OK - sudah ada di prod
INSIGHT ( SMBU ),BUYER,OK - sudah ada di prod
MASTER PA NANA,MAKLUN_SEWING,OK - sudah ada di prod
PLANETSUR ( SMBU ),BUYER,OK - sudah ada di prod
PAK ENGKUS,MAKLUN_SEWING,OK - sudah ada di prod
SPYDERBILT ( SMBU ),BUYER,OK - sudah ada di prod
MASTER PA PIAN,MAKLUN_SEWING,OK - sudah ada di prod
JUICE EMATIC ( SMBU ),BUYER,OK - sudah ada di prod
MANAGEMENT,MAKLUN_SEWING,OK - sudah ada di prod
BINTANG MADANI,BUYER,OK - sudah ada di prod
SEVENTYFOUR,BUYER,OK - sudah ada di prod
WILMER STUDIOS,BUYER,OK - sudah ada di prod
VOXFLY ( SMBU ),BUYER,OK - sudah ada di prod
PA ENDOY,BUYER,OK - sudah ada di prod
