name,category
WARNING,BUYER
AL-ITIHAD GARMENT,MAKLUN_SEWING
CJM EMBROIDERY,SUBCON_EMBROIDERY
RITE CLEAN WASHING,SUBCON_WASHING
PA GANDA PRINT,SUBCON_PRINT
DELUSI,BUYER
PAK ADE SMD,MAKLUN_SEWING
KO DEDE EMBRO,SUBCON_EMBROIDERY
MASTER LAUNDRY,SUBCON_WASHING
MAS KIRNO PRINT,SUBCON_PRINT
NEVER SURRENDER,BUYER
PAK ADE CIPARAY,MAKLUN_SEWING
ANUGRAH WASHING,SUBCON_WASHING
CIPTA JAYA PRINT,SUBCON_PRINT
OXFOORD,BUYER
A DADANG,MAKLUN_SEWING
BLESSINDO WASHING,SUBCON_WASHING
TRAVEOLOGY,BUYER
PAK AEP TASIK,MAKLUN_SEWING
ELPITO WASHING,SUBCON_WASHING
INSIGHT ( SMBU ),BUYER
MASTER PA NANA,MAKLUN_SEWING
PLANETSUR ( SMBU ),BUYER
PAK ENGKUS,MAKLUN_SEWING
SPYDERBILT ( SMBU ),BUYER
MASTER PA PIAN,MAKLUN_SEWING
JUICE EMATIC ( SMBU ),BUYER
MANAGEMENT,MAKLUN_SEWING
BINTANG MADANI,BUYER
SEVENTYFOUR,BUYER
WILMER STUDIOS,BUYER
VOXFLY ( SMBU ),BUYER
PA ENDOY,BUYER
