bahan_id,tanggal,tipe,jumlah,stok_sebelum,stok_sesudah,referensi_po_spk,catatan,petugas
MG-2604-BH0001,2026-04-02 00:00:00,MASUK,82.0,0.0,82.0,-,Warna: PUTIH,Import Excel 2026
MG-2604-BH0001,2026-04-02 00:00:00,MASUK,80.0,82.0,162.0,-,Warna: PUTIH,Import Excel 2026
MG-2604-BH0001,2026-04-02 00:00:00,MASUK,87.0,162.0,249.0,-,Warna: PUTIH,Import Excel 2026
MG-2604-BH0001,2026-04-02 00:00:00,MASUK,60.0,249.0,309.0,-,Warna: PUTIH,Import Excel 2026
MG-2604-BH0001,2026-07-05 00:00:00,KELUAR_PRODUKSI,309.0,309.0,0.0,-,Warna: PUTIH,Import Excel 2026
MG-2604-BH0002,2026-04-08 00:00:00,MASUK,135.0,0.0,135.0,-,Warna: PUTIH,Import Excel 2026
MG-2604-BH0002,2026-07-05 00:00:00,KELUAR_PRODUKSI,135.0,135.0,0.0,SO-MG260017,Warna: PUTIH | Style: PERSISTENT#1 V2 PUTIH,Import Excel 2026
MG-2604-BH0003,2026-04-08 00:00:00,MASUK,133.0,0.0,133.0,-,Warna: BLACK,Import Excel 2026
MG-2604-BH0003,2026-07-05 00:00:00,KELUAR_PRODUKSI,133.0,133.0,0.0,SO-MG260016,Warna: BLACK | Style: PERSISTENT#1 V2 HITAM,Import Excel 2026
MG-2604-BH0004,2026-04-08 00:00:00,MASUK,110.0,0.0,110.0,-,Warna: PUTIH,Import Excel 2026
MG-2604-BH0004,2026-07-05 00:00:00,KELUAR_PRODUKSI,110.0,110.0,0.0,SO-MG260057,Warna: GREY | Style: DENIMES 1.393,Import Excel 2026
MG-2604-BH0005,2026-04-09 00:00:00,MASUK,100.0,0.0,100.0,-,Warna: NAVY,Import Excel 2026
MG-2604-BH0005,2026-04-09 00:00:00,MASUK,90.0,100.0,190.0,-,Warna: NAVY,Import Excel 2026
MG-2604-BH0005,2026-04-09 00:00:00,MASUK,69.0,190.0,259.0,-,Warna: NAVY,Import Excel 2026
MG-2604-BH0005,2026-07-05 00:00:00,KELUAR_PRODUKSI,259.0,259.0,0.0,SO-MG260020,Warna: BIRU | Style: KMJ SALUR KECIL PLAKET KE LUAR,Import Excel 2026
MG-2604-BH0006,2026-04-09 00:00:00,MASUK,93.0,0.0,93.0,-,Warna: NAVY,Import Excel 2026
MG-2604-BH0006,2026-07-05 00:00:00,KELUAR_PRODUKSI,93.0,93.0,0.0,SO-MG260021,Warna: BIRU | Style: KMJ SALUR SEDANG PLAKET KE LUAR,Import Excel 2026
MG-2604-BH0007,2026-04-10 00:00:00,MASUK,60.1,0.0,60.1,-,Warna: BLUE,Import Excel 2026
MG-2604-BH0007,2026-07-05 00:00:00,KELUAR_PRODUKSI,60.1,60.1,0.0,SO-MG260022,Warna: BLUE | Style: KMJ SALUR SEDANG PLAKET KE DALAM,Import Excel 2026
MG-2604-BH0008,2026-04-17 00:00:00,MASUK,133.0,0.0,133.0,-,Warna: BEIGE,Import Excel 2026
MG-2604-BH0008,2026-04-17 00:00:00,MASUK,133.0,133.0,266.0,-,Warna: BEIGE,Import Excel 2026
MG-2604-BH0008,2026-04-17 00:00:00,MASUK,127.0,266.0,393.0,-,Warna: BEIGE,Import Excel 2026
MG-2604-BH0008,2026-04-17 00:00:00,MASUK,133.0,393.0,526.0,-,Warna: BEIGE,Import Excel 2026
MG-2604-BH0008,2026-04-17 00:00:00,MASUK,136.0,526.0,662.0,-,Warna: DRAK GREY,Import Excel 2026
MG-2604-BH0008,2026-04-17 00:00:00,MASUK,131.0,662.0,793.0,-,Warna: DRAK GREY,Import Excel 2026
MG-2604-BH0008,2026-04-17 00:00:00,MASUK,134.0,793.0,927.0,-,Warna: DRAK GREY,Import Excel 2026
MG-2604-BH0008,2026-04-17 00:00:00,MASUK,103.0,927.0,1030.0,-,Warna: DRAK GREY,Import Excel 2026
MG-2604-BH0008,2026-04-17 00:00:00,MASUK,131.0,1030.0,1161.0,-,Warna: HITAM,Import Excel 2026
MG-2604-BH0008,2026-04-17 00:00:00,MASUK,132.0,1161.0,1293.0,-,Warna: HITAM,Import Excel 2026
MG-2604-BH0008,2026-04-17 00:00:00,MASUK,130.0,1293.0,1423.0,-,Warna: HITAM,Import Excel 2026
MG-2604-BH0008,2026-04-17 00:00:00,MASUK,128.0,1423.0,1551.0,-,Warna: HITAM,Import Excel 2026
MG-2604-BH0008,2026-04-17 00:00:00,MASUK,136.0,1551.0,1687.0,-,Warna: TAUPE,Import Excel 2026
MG-2604-BH0008,2026-04-17 00:00:00,MASUK,130.0,1687.0,1817.0,-,Warna: TAUPE,Import Excel 2026
MG-2604-BH0008,2026-04-17 00:00:00,MASUK,130.0,1817.0,1947.0,-,Warna: TAUPE,Import Excel 2026
MG-2604-BH0008,2026-07-05 00:00:00,KELUAR_PRODUKSI,133.0,1947.0,1814.0,SO-MG260062,Warna: BEIGE | Style: NEW OUTER BUTTON BEIGE,Import Excel 2026
MG-2604-BH0008,2026-07-05 00:00:00,KELUAR_PRODUKSI,133.0,1814.0,1681.0,SO-MG260062,Warna: BEIGE | Style: NEW OUTER BUTTON BEIGE,Import Excel 2026
MG-2604-BH0008,2026-07-05 00:00:00,KELUAR_PRODUKSI,127.0,1681.0,1554.0,SO-MG260066,Warna: BEIGE | Style: NEW OUTER ZIPPER BEIGE,Import Excel 2026
MG-2604-BH0008,2026-07-05 00:00:00,KELUAR_PRODUKSI,133.0,1554.0,1421.0,SO-MG260066,Warna: BEIGE | Style: NEW OUTER ZIPPER BEIGE,Import Excel 2026
MG-2604-BH0008,2026-07-05 00:00:00,KELUAR_PRODUKSI,136.0,1421.0,1285.0,SO-MG260063,Warna: DRAK GREY | Style: NEW OUTER BUTTON DRAK GREY,Import Excel 2026
MG-2604-BH0008,2026-07-05 00:00:00,KELUAR_PRODUKSI,131.0,1285.0,1154.0,SO-MG260063,Warna: DRAK GREY | Style: NEW OUTER BUTTON DRAK GREY,Import Excel 2026
MG-2604-BH0008,2026-07-05 00:00:00,KELUAR_PRODUKSI,134.0,1154.0,1020.0,SO-MG260067,Warna: DRAK GREY | Style: NEW OUTER ZIPPER DRAK GREY,Import Excel 2026
MG-2604-BH0008,2026-07-05 00:00:00,KELUAR_PRODUKSI,103.0,1020.0,917.0,SO-MG260067,Warna: DRAK GREY | Style: NEW OUTER ZIPPER DRAK GREY,Import Excel 2026
MG-2604-BH0008,2026-07-05 00:00:00,KELUAR_PRODUKSI,131.0,917.0,786.0,SO-MG260064,Warna: HITAM | Style: NEW OUTER BUTTON BLACK,Import Excel 2026
MG-2604-BH0008,2026-07-05 00:00:00,KELUAR_PRODUKSI,132.0,786.0,654.0,SO-MG260064,Warna: HITAM | Style: NEW OUTER BUTTON BLACK,Import Excel 2026
MG-2604-BH0008,2026-07-05 00:00:00,KELUAR_PRODUKSI,130.0,654.0,524.0,SO-MG260068,Warna: HITAM | Style: NEW OUTER ZIPPER BLACK,Import Excel 2026
MG-2604-BH0008,2026-07-05 00:00:00,KELUAR_PRODUKSI,128.0,524.0,396.0,SO-MG260068,Warna: HITAM | Style: NEW OUTER ZIPPER BLACK,Import Excel 2026
MG-2604-BH0008,2026-07-05 00:00:00,KELUAR_PRODUKSI,136.0,396.0,260.0,SO-MG260065,Warna: TAUPE | Style: NEW OUTER BUTTON TAUPE,Import Excel 2026
MG-2604-BH0008,2026-07-05 00:00:00,KELUAR_PRODUKSI,130.0,260.0,130.0,SO-MG260065,Warna: TAUPE | Style: NEW OUTER BUTTON TAUPE,Import Excel 2026
MG-2604-BH0008,2026-07-05 00:00:00,KELUAR_PRODUKSI,130.0,130.0,0.0,SO-MG260069,Warna: TAUPE | Style: NEW OUTER ZIPPER TAUPE,Import Excel 2026
MG-2604-BH0009,2026-04-22 00:00:00,MASUK,107.28,0.0,107.28,-,Warna: DK.OLIVE,Import Excel 2026
MG-2604-BH0009,2026-04-22 00:00:00,MASUK,115.81,107.28,223.09,-,Warna: DK.OLIVE,Import Excel 2026
MG-2604-BH0009,2026-04-22 00:00:00,MASUK,102.58,223.09,325.67,-,Warna: CHARCOAL,Import Excel 2026
MG-2604-BH0009,2026-04-22 00:00:00,MASUK,107.39,325.67,433.06,-,Warna: CHARCOAL,Import Excel 2026
MG-2604-BH0009,2026-04-22 00:00:00,MASUK,111.0,433.06,544.06,-,Warna: COFFE,Import Excel 2026
MG-2604-BH0009,2026-04-22 00:00:00,MASUK,114.06,544.06,658.12,-,Warna: COFFE,Import Excel 2026
MG-2604-BH0009,2026-04-22 00:00:00,MASUK,112.1,658.12,770.22,-,Warna: BLACK,Import Excel 2026
MG-2604-BH0009,2026-04-22 00:00:00,MASUK,113.85,770.22,884.07,-,Warna: BLACK,Import Excel 2026
MG-2604-BH0009,2026-05-25 00:00:00,KELUAR_PRODUKSI,115.81,884.07,768.26,SO-MG260102,Warna: DK.OLIVE | Style: WIDE CARGO -1,Import Excel 2026
MG-2604-BH0009,2026-05-25 00:00:00,KELUAR_PRODUKSI,107.0,768.26,661.26,SO-MG260103,Warna: DK.OLIVE | Style: WIDE CARGO -2,Import Excel 2026
MG-2604-BH0009,2026-05-25 00:00:00,KELUAR_PRODUKSI,112.1,661.26,549.16,SO-MG260105,Warna: BLACK | Style: WIDE CARGO -4,Import Excel 2026
MG-2604-BH0009,2026-05-25 00:00:00,KELUAR_PRODUKSI,113.85,549.16,435.31,SO-MG260105,Warna: BLACK | Style: WIDE CARGO -4,Import Excel 2026
MG-2604-BH0009,2026-05-25 00:00:00,KELUAR_PRODUKSI,111.0,435.31,324.31,SO-MG260104,Warna: CAFFE | Style: WIDE CARGO -3,Import Excel 2026
MG-2604-BH0009,2026-05-25 00:00:00,KELUAR_PRODUKSI,114.6,324.31,209.71,SO-MG260104,Warna: CAFFE | Style: WIDE CARGO -3,Import Excel 2026
MG-2604-BH0009,2026-05-25 00:00:00,KELUAR_PRODUKSI,102.58,209.71,107.13,SO-MG260103,Warna: CHARCOAL | Style: WIDE CARGO -2,Import Excel 2026
MG-2604-BH0009,2026-05-25 00:00:00,KELUAR_PRODUKSI,107.39,107.13,-0.26,-,Warna: CHARCOAL | RETUR,Import Excel 2026
MG-2604-BH0010,2026-04-24 00:00:00,MASUK,100.0,0.0,100.0,-,Warna: BLACK,Import Excel 2026
MG-2604-BH0010,2026-04-24 00:00:00,MASUK,98.0,100.0,198.0,-,Warna: BLACK,Import Excel 2026
MG-2604-BH0010,2026-04-24 00:00:00,MASUK,120.0,198.0,318.0,-,Warna: BLACK,Import Excel 2026
MG-2604-BH0010,2026-07-05 00:00:00,KELUAR_PRODUKSI,318.0,318.0,0.0,SO-MG260030,Warna: BLUE | Style: DENIM SNOW  BLACK,Import Excel 2026
MG-2604-BH0011,2026-04-24 00:00:00,MASUK,91.0,0.0,91.0,-,Warna: BLUE,Import Excel 2026
MG-2604-BH0011,2026-04-24 00:00:00,MASUK,87.0,91.0,178.0,-,Warna: BLUE,Import Excel 2026
MG-2604-BH0011,2026-04-24 00:00:00,MASUK,84.0,178.0,262.0,-,Warna: BLUE,Import Excel 2026
MG-2604-BH0011,2026-04-24 00:00:00,MASUK,84.0,262.0,346.0,-,Warna: BLUE,Import Excel 2026
MG-2604-BH0011,2026-04-24 00:00:00,MASUK,91.0,346.0,437.0,-,Warna: BLUE,Import Excel 2026
MG-2604-BH0011,2026-04-24 00:00:00,MASUK,82.0,437.0,519.0,-,Warna: BLUE,Import Excel 2026
MG-2604-BH0011,2026-04-24 00:00:00,MASUK,86.0,519.0,605.0,-,Warna: BLUE,Import Excel 2026
MG-2604-BH0011,2026-07-05 00:00:00,KELUAR_PRODUKSI,605.0,605.0,0.0,SO-MG260027,Warna: BLUE | Style: DENIM RIPPED,Import Excel 2026
MG-2604-BH0012,2026-04-24 00:00:00,MASUK,236.0,0.0,236.0,-,Warna: BLUE,Import Excel 2026
MG-2604-BH0012,2026-04-24 00:00:00,MASUK,235.0,236.0,471.0,-,Warna: BLUE,Import Excel 2026
MG-2604-BH0012,2026-04-24 00:00:00,MASUK,234.0,471.0,705.0,-,Warna: BLUE,Import Excel 2026
MG-2604-BH0012,2026-07-05 00:00:00,KELUAR_PRODUKSI,176.25,705.0,528.75,SO-MG260031,Warna: BLUE | Style: KMJ PJG BASIC O9292,Import Excel 2026
MG-2604-BH0012,2026-07-05 00:00:00,KELUAR_PRODUKSI,176.25,528.75,352.5,SO-MG260032,Warna: BLUE | Style: KMJ PJG BASIC O9293,Import Excel 2026
MG-2604-BH0012,2026-07-05 00:00:00,KELUAR_PRODUKSI,176.25,352.5,176.25,SO-MG260033,Warna: BLUE | Style: KMJ PDK BASIC O9294,Import Excel 2026
MG-2604-BH0012,2026-07-05 00:00:00,KELUAR_PRODUKSI,176.25,176.25,0.0,SO-MG260034,Warna: BLUE | Style: KMJ PDK BASIC O9295,Import Excel 2026
MG-2604-BH0013,2026-04-24 00:00:00,MASUK,72.0,0.0,72.0,-,Warna: HITAM,Import Excel 2026
MG-2604-BH0013,2026-04-24 00:00:00,MASUK,82.5,72.0,154.5,-,Warna: HITAM,Import Excel 2026
MG-2604-BH0013,2026-04-24 00:00:00,MASUK,50.0,154.5,204.5,-,Warna: NAVY,Import Excel 2026
MG-2604-BH0013,2026-04-24 00:00:00,MASUK,61.0,204.5,265.5,-,Warna: NAVY,Import Excel 2026
MG-2604-BH0013,2026-04-24 00:00:00,MASUK,105.0,265.5,370.5,-,Warna: COKLAT MUDA,Import Excel 2026
MG-2604-BH0013,2026-04-24 00:00:00,MASUK,64.0,370.5,434.5,-,Warna: CREAM,Import Excel 2026
MG-2604-BH0013,2026-04-24 00:00:00,MASUK,78.0,434.5,512.5,-,Warna: COKLAT TUA,Import Excel 2026
MG-2604-BH0013,2026-04-24 00:00:00,MASUK,92.5,512.5,605.0,-,Warna: COKLAT TUA,Import Excel 2026
MG-2604-BH0013,2026-04-24 00:00:00,MASUK,74.0,605.0,679.0,-,Warna: HITAM GUDANG,Import Excel 2026
MG-2604-BH0013,2026-07-05 00:00:00,KELUAR_PRODUKSI,74.0,679.0,605.0,SO-MG260036,Warna: BLACK | Style: STRIATA#1,Import Excel 2026
MG-2604-BH0013,2026-07-05 00:00:00,KELUAR_PRODUKSI,61.0,605.0,544.0,SO-MG260037,Warna: NAVY | Style: STRIATA#3,Import Excel 2026
MG-2604-BH0013,2026-07-05 00:00:00,KELUAR_PRODUKSI,78.0,544.0,466.0,SO-MG260038,Warna: COKLAT SEDANG | Style: STRIATA#4,Import Excel 2026
MG-2604-BH0013,2026-07-05 00:00:00,KELUAR_PRODUKSI,82.5,466.0,383.5,SO-MG260039,Warna: BLACK | Style: CORELINE CY#1,Import Excel 2026
MG-2604-BH0013,2026-07-05 00:00:00,KELUAR_PRODUKSI,92.5,383.5,291.0,SO-MG260040,Warna: COKLAT SEDANG | Style: CORELINE CY#2,Import Excel 2026
MG-2604-BH0013,2026-07-05 00:00:00,KELUAR_PRODUKSI,72.0,291.0,219.0,SO-MG260041,Warna: BLACK | Style: CORDIER CY#1,Import Excel 2026
MG-2604-BH0013,2026-07-05 00:00:00,KELUAR_PRODUKSI,50.0,219.0,169.0,SO-MG260042,Warna: NAVY | Style: CORDIER CY#2,Import Excel 2026
MG-2604-BH0013,2026-07-05 00:00:00,KELUAR_PRODUKSI,105.0,169.0,64.0,SO-MG260043,Warna: COKLAT MUDA | Style: CORDIER CY#3,Import Excel 2026
MG-2604-BH0013,2026-07-05 00:00:00,KELUAR_PRODUKSI,64.0,64.0,0.0,SO-MG260044,Warna: CREAM MUDA | Style: CORDIER CY#4,Import Excel 2026
MG-2604-BH0014,2026-04-24 00:00:00,MASUK,50.0,0.0,50.0,-,Warna: COKLAT,Import Excel 2026
MG-2604-BH0014,2026-07-05 00:00:00,KELUAR_PRODUKSI,50.0,50.0,0.0,SO-MG260045,Warna: CERAMEL | Style: VAVERN LN#3,Import Excel 2026
MG-2604-BH0015,2026-04-24 00:00:00,MASUK,73.0,0.0,73.0,-,Warna: HITAM,Import Excel 2026
MG-2604-BH0015,2026-06-22 00:00:00,KELUAR_PRODUKSI,73.0,73.0,0.0,SO-MG260182,Warna: HITAM | Style: DECOTON 1.648,Import Excel 2026
MG-2604-BH0016,2026-04-25 00:00:00,MASUK,190.0,0.0,190.0,-,Warna: BLACK,Import Excel 2026
MG-2604-BH0016,2026-04-25 00:00:00,MASUK,380.0,190.0,570.0,-,Warna: CHATIME,Import Excel 2026
MG-2604-BH0016,2026-04-25 00:00:00,MASUK,285.0,570.0,855.0,-,Warna: JEANS,Import Excel 2026
MG-2604-BH0016,2026-04-25 00:00:00,MASUK,190.0,855.0,1045.0,-,Warna: ASPARAGUS,Import Excel 2026
MG-2604-BH0016,2026-04-25 00:00:00,MASUK,380.0,1045.0,1425.0,-,Warna: COCOA,Import Excel 2026
MG-2604-BH0016,2026-04-25 00:00:00,MASUK,190.0,1425.0,1615.0,-,Warna: BUBBLEGUM,Import Excel 2026
MG-2604-BH0016,2026-05-12 00:00:00,KELUAR_PRODUKSI,190.0,1615.0,1425.0,SO-MG260070,Warna: BLACK | Style: REXTURED SHIRT BLACK,Import Excel 2026
MG-2604-BH0016,2026-05-12 00:00:00,KELUAR_PRODUKSI,380.0,1425.0,1045.0,SO-MG260071,Warna: CHATIME | Style: REXTURED SHIRT CHATIME,Import Excel 2026
MG-2604-BH0016,2026-05-12 00:00:00,KELUAR_PRODUKSI,285.0,1045.0,760.0,SO-MG260072,Warna: JEANS | Style: REXTURED SHIRT JEANS,Import Excel 2026
MG-2604-BH0016,2026-05-12 00:00:00,KELUAR_PRODUKSI,190.0,760.0,570.0,SO-MG260073,Warna: ASPARAGUS | Style: REXTURED SHIRT ASPARAGUS,Import Excel 2026
MG-2604-BH0016,2026-05-12 00:00:00,KELUAR_PRODUKSI,380.0,570.0,190.0,SO-MG260074,Warna: COCOA | Style: REXTURED SHIRT COCOA,Import Excel 2026
MG-2604-BH0016,2026-05-12 00:00:00,KELUAR_PRODUKSI,190.0,190.0,0.0,SO-MG260075,Warna: BUBBLEGUM | Style: REXTURED SHIRT BUBLEGUM,Import Excel 2026
MG-2604-BH0017,2026-04-25 00:00:00,MASUK,1398.58,0.0,1398.58,-,Warna: GREY,Import Excel 2026
MG-2604-BH0017,2026-05-11 00:00:00,KELUAR_PRODUKSI,1398.58,1398.58,0.0,SO-MG260061,Warna: GREY | Style: 51 DOLAR,Import Excel 2026
MG-2604-BH0018,2026-04-27 00:00:00,MASUK,834.0,0.0,834.0,-,Warna: PUTIH,Import Excel 2026
MG-2604-BH0018,2026-04-27 00:00:00,MASUK,411.0,834.0,1245.0,-,Warna: HITAM,Import Excel 2026
MG-2604-BH0018,2026-07-05 00:00:00,KELUAR_PRODUKSI,834.0,1245.0,411.0,SO-MG260047,Warna: PUTIH | Style: KMJ BASIC SAKU PUTIH (04),Import Excel 2026
MG-2604-BH0018,2026-07-05 00:00:00,KELUAR_PRODUKSI,411.0,411.0,0.0,SO-MG260046,Warna: BLACK | Style: KMJ BASIC SAKU BLACK (04),Import Excel 2026
MG-2604-BH0019,2026-04-27 00:00:00,MASUK,613.0,0.0,613.0,-,Warna: BLUE,Import Excel 2026
MG-2604-BH0019,2026-07-05 00:00:00,KELUAR_PRODUKSI,306.5,613.0,306.5,SO-MG260048,Warna: BLUE | Style: JEANS JACKET INDIGO BLUE,Import Excel 2026
MG-2604-BH0019,2026-07-05 00:00:00,KELUAR_PRODUKSI,306.5,306.5,0.0,SO-MG260049,Warna: BLUE | Style: JEANS JACKET LIGHT BLUE,Import Excel 2026
MG-2604-BH0020,2026-04-29 00:00:00,MASUK,255.0,0.0,255.0,-,Warna: DK BEIGE,Import Excel 2026
MG-2604-BH0020,2026-07-05 00:00:00,KELUAR_PRODUKSI,127.5,255.0,127.5,SO-MG260054,Warna: BLUE | Style: BENNET,Import Excel 2026
MG-2604-BH0020,2026-07-05 00:00:00,KELUAR_PRODUKSI,127.5,127.5,0.0,SO-MG260055,Warna: BLUE | Style: HALFDAN,Import Excel 2026
MG-2604-BH0021,2026-04-29 00:00:00,MASUK,100.0,0.0,100.0,-,Warna: DK BEIGE,Import Excel 2026
MG-2604-BH0021,2026-04-29 00:00:00,MASUK,120.5,100.0,220.5,-,Warna: DK BEIGE,Import Excel 2026
MG-2604-BH0021,2026-07-05 00:00:00,KELUAR_PRODUKSI,220.5,220.5,0.0,SO-MG260053,"Warna: BLUE | Style: DENIMES 2,58 ( REGULER )",Import Excel 2026
MG-2604-BH0022,2026-05-07 00:00:00,MASUK,89.0,0.0,89.0,-,Warna: DK BEIGE,Import Excel 2026
MG-2604-BH0022,2026-05-07 00:00:00,MASUK,132.0,89.0,221.0,-,Warna: DK BEIGE,Import Excel 2026
MG-2604-BH0022,2026-05-07 00:00:00,MASUK,135.0,221.0,356.0,-,Warna: DK BEIGE,Import Excel 2026
MG-2604-BH0022,2026-05-07 00:00:00,MASUK,46.0,356.0,402.0,-,Warna: DK BEIGE,Import Excel 2026
MG-2604-BH0022,2026-05-07 00:00:00,MASUK,82.0,402.0,484.0,-,Warna: DK BEIGE,Import Excel 2026
MG-2604-BH0022,2026-05-07 00:00:00,MASUK,109.0,484.0,593.0,-,Warna: DK BEIGE,Import Excel 2026
MG-2604-BH0022,2026-05-07 00:00:00,MASUK,119.0,593.0,712.0,-,Warna: DK BEIGE,Import Excel 2026
MG-2604-BH0022,2026-05-07 00:00:00,MASUK,120.0,712.0,832.0,-,Warna: DK BEIGE,Import Excel 2026
MG-2604-BH0022,2026-05-07 00:00:00,MASUK,125.0,832.0,957.0,-,Warna: DK BEIGE,Import Excel 2026
MG-2604-BH0022,2026-05-07 00:00:00,MASUK,125.0,957.0,1082.0,-,Warna: DK BEIGE,Import Excel 2026
MG-2604-BH0022,2026-05-07 00:00:00,MASUK,125.0,1082.0,1207.0,-,Warna: DK BEIGE,Import Excel 2026
MG-2604-BH0022,2026-05-07 00:00:00,MASUK,127.0,1207.0,1334.0,-,Warna: DK BEIGE,Import Excel 2026
MG-2604-BH0022,2026-05-07 00:00:00,MASUK,132.5,1334.0,1466.5,-,Warna: DK BEIGE,Import Excel 2026
MG-2604-BH0022,2026-05-07 00:00:00,MASUK,133.0,1466.5,1599.5,-,Warna: DK BEIGE,Import Excel 2026
MG-2604-BH0022,2026-05-07 00:00:00,MASUK,126.5,1599.5,1726.0,-,Warna: DK BEIGE,Import Excel 2026
MG-2604-BH0022,2026-05-07 00:00:00,MASUK,131.0,1726.0,1857.0,-,Warna: DK BEIGE,Import Excel 2026
MG-2604-BH0022,2026-05-07 00:00:00,MASUK,101.54,1857.0,1958.54,-,Warna: DK BEIGE,Import Excel 2026
MG-2604-BH0022,2026-05-07 00:00:00,MASUK,111.13,1958.54,2069.67,-,Warna: DK BEIGE,Import Excel 2026
MG-2604-BH0022,2026-06-29 00:00:00,KELUAR_PRODUKSI,1710.5,2069.67,359.17,SO-MG260184,Warna: BEIGE | Style: BERTOLT MEN PANTS FABRIC,Import Excel 2026
MG-2604-BH0022,2026-07-22 00:00:00,KELUAR_PRODUKSI,246.5,359.17,112.67,SO-MG260184,Warna: BEIGE | Style: BERTOLT MEN PANTS FABRIC,Import Excel 2026
MG-2604-BH0022,2026-08-12 00:00:00,KELUAR_PRODUKSI,113.0,112.67,-0.33,-,Warna: BEIGE,Import Excel 2026
MG-2604-BH0023,2026-05-11 00:00:00,MASUK,60.0,0.0,60.0,-,Warna: HITAM,Import Excel 2026
MG-2604-BH0023,2026-05-11 00:00:00,KELUAR_PRODUKSI,25.0,60.0,35.0,SO-MG260036,Warna: BLACK | Style: STRIATA#1 | 3 STYLE,Import Excel 2026
MG-2604-BH0024,2026-05-16 00:00:00,MASUK,100.0,0.0,100.0,-,Warna: HITAM,Import Excel 2026
MG-2604-BH0024,2026-05-16 00:00:00,MASUK,100.0,100.0,200.0,-,Warna: HITAM,Import Excel 2026
MG-2604-BH0024,2026-05-16 00:00:00,MASUK,100.0,200.0,300.0,-,Warna: HITAM,Import Excel 2026
MG-2604-BH0024,2026-05-16 00:00:00,MASUK,100.0,300.0,400.0,-,Warna: OFFWHITE,Import Excel 2026
MG-2604-BH0024,2026-05-16 00:00:00,MASUK,100.0,400.0,500.0,-,Warna: OFFWHITE,Import Excel 2026
MG-2604-BH0024,2026-05-16 00:00:00,MASUK,100.0,500.0,600.0,-,Warna: OFFWHITE,Import Excel 2026
MG-2604-BH0024,2026-05-16 00:00:00,MASUK,100.0,600.0,700.0,-,Warna: NAVY20,Import Excel 2026
MG-2604-BH0024,2026-05-16 00:00:00,MASUK,100.0,700.0,800.0,-,Warna: NAVY20,Import Excel 2026
MG-2604-BH0024,2026-05-16 00:00:00,MASUK,100.0,800.0,900.0,-,Warna: NAVY20,Import Excel 2026
MG-2604-BH0024,2026-05-16 00:00:00,MASUK,100.0,900.0,1000.0,-,Warna: HITAM,Import Excel 2026
MG-2604-BH0024,2026-05-16 00:00:00,MASUK,100.0,1000.0,1100.0,-,Warna: HITAM,Import Excel 2026
MG-2604-BH0024,2026-05-16 00:00:00,MASUK,100.0,1100.0,1200.0,-,Warna: OFFWHITE,Import Excel 2026
MG-2604-BH0024,2026-05-16 00:00:00,MASUK,100.0,1200.0,1300.0,-,Warna: OFFWHITE,Import Excel 2026
MG-2604-BH0024,2026-05-16 00:00:00,MASUK,100.0,1300.0,1400.0,-,Warna: MOCCA BW85,Import Excel 2026
MG-2604-BH0024,2026-05-16 00:00:00,MASUK,100.0,1400.0,1500.0,-,Warna: MOCCA BW85,Import Excel 2026
MG-2604-BH0024,2026-05-20 00:00:00,KELUAR_PRODUKSI,150.0,1500.0,1350.0,SO-MG260076,Warna: BLACK | Style: ARVYN LN#1  18,Import Excel 2026
MG-2604-BH0024,2026-05-20 00:00:00,KELUAR_PRODUKSI,150.0,1350.0,1200.0,SO-MG260077,Warna: NAVY | Style: ARVYN LN#2 18,Import Excel 2026
MG-2604-BH0024,2026-05-20 00:00:00,KELUAR_PRODUKSI,150.0,1200.0,1050.0,SO-MG260079,Warna: OFFWHITE | Style: ARVYN LN#6 18,Import Excel 2026
MG-2604-BH0024,2026-05-20 00:00:00,KELUAR_PRODUKSI,150.0,1050.0,900.0,SO-MG260080,Warna: BLACK | Style: VELAR LV#1 18,Import Excel 2026
MG-2604-BH0024,2026-05-20 00:00:00,KELUAR_PRODUKSI,150.0,900.0,750.0,SO-MG260081,Warna: NAVY | Style: VELAR LV#2 18,Import Excel 2026
MG-2604-BH0024,2026-05-20 00:00:00,KELUAR_PRODUKSI,150.0,750.0,600.0,SO-MG260082,Warna: BW MOCCA | Style: VELAR LV#5 18,Import Excel 2026
MG-2604-BH0024,2026-05-20 00:00:00,KELUAR_PRODUKSI,100.0,600.0,500.0,SO-MG260083,Warna: OFFWHITE | Style: VELAR LV#6 18,Import Excel 2026
MG-2604-BH0024,2026-06-02 00:00:00,KELUAR_PRODUKSI,100.0,500.0,400.0,SO-MG260084,Warna: BLACK | Style: SKIVE LN#1 REG-FIT,Import Excel 2026
MG-2604-BH0024,2026-06-02 00:00:00,KELUAR_PRODUKSI,100.0,400.0,300.0,SO-MG260078,Warna: BW MOCCA | Style: SKIVE LN#5 REG-FIT,Import Excel 2026
MG-2604-BH0024,2026-06-02 00:00:00,KELUAR_PRODUKSI,100.0,300.0,200.0,SO-MG260085,Warna: OFF WHITE | Style: SKIVE LN#6 REG FIT,Import Excel 2026
MG-2604-BH0024,2026-06-02 00:00:00,KELUAR_PRODUKSI,100.0,200.0,100.0,SO-MG260086,Warna: BLACK | Style: AVIGNON LN#1 REG FIT,Import Excel 2026
MG-2604-BH0024,2026-06-02 00:00:00,KELUAR_PRODUKSI,100.0,100.0,0.0,SO-MG260087,Warna: OFF WHITE | Style: AVIGNON LN#6 REG FIT,Import Excel 2026
MG-2604-BH0025,2026-05-14 00:00:00,KELUAR_PRODUKSI,89.0,0.0,-89.0,SO-MG260088,Warna: PUTIH | Style: ENTDECKEN#1 | 4 STYLE,Import Excel 2026
MG-2604-BH0025,2026-05-16 00:00:00,MASUK,130.0,-89.0,41.0,-,Warna: PUTIH,Import Excel 2026
MG-2604-BH0025,2026-05-23 00:00:00,KELUAR_PRODUKSI,41.0,41.0,0.0,SO-MG260115,Warna: PUTIH | Style: SOIL CRG PJ#1 | 5 STYLE,Import Excel 2026
MG-2604-BH0026,2026-05-16 00:00:00,MASUK,1118.0,0.0,1118.0,-,Warna: PUTIH,Import Excel 2026
MG-2604-BH0026,2026-05-20 00:00:00,KELUAR_PRODUKSI,559.0,1118.0,559.0,SO-MG260092,Warna: WHITE | Style: KMJ BASIC SAKU PUTIH (05),Import Excel 2026
MG-2604-BH0026,2026-05-20 00:00:00,KELUAR_PRODUKSI,559.0,559.0,0.0,SO-MG260093,Warna: WHITE | Style: KMJ BASIC TANPA SAKU PUTIH (05),Import Excel 2026
MG-2604-BH0027,2026-05-14 00:00:00,KELUAR_PRODUKSI,98.0,0.0,-98.0,SO-MG260090,Warna: MOCCA | Style: ENTDECKEN#3,Import Excel 2026
MG-2604-BH0027,2026-05-14 00:00:00,KELUAR_PRODUKSI,138.0,-98.0,-236.0,SO-MG260091,Warna: CREAM | Style: ENTDECKEN#4,Import Excel 2026
MG-2604-BH0027,2026-05-14 00:00:00,KELUAR_PRODUKSI,114.0,-236.0,-350.0,SO-MG260088,Warna: HITAM | Style: ENTDECKEN#1,Import Excel 2026
MG-2604-BH0027,2026-05-14 00:00:00,KELUAR_PRODUKSI,115.0,-350.0,-465.0,SO-MG260089,Warna: ARMY | Style: ENTDECKEN#2,Import Excel 2026
MG-2604-BH0027,2026-05-18 00:00:00,MASUK,98.0,-465.0,-367.0,-,Warna: MOCCA,Import Excel 2026
MG-2604-BH0027,2026-05-18 00:00:00,MASUK,138.0,-367.0,-229.0,-,Warna: CREAM,Import Excel 2026
MG-2604-BH0027,2026-05-18 00:00:00,MASUK,114.0,-229.0,-115.0,-,Warna: HITAM,Import Excel 2026
MG-2604-BH0027,2026-05-18 00:00:00,MASUK,115.0,-115.0,0.0,-,Warna: ARMY,Import Excel 2026
MG-2604-BH0028,2026-05-19 00:00:00,MASUK,471.0,0.0,471.0,-,Warna: KHAKY,Import Excel 2026
MG-2604-BH0028,2026-05-19 00:00:00,MASUK,512.0,471.0,983.0,-,Warna: ABU,Import Excel 2026
MG-2604-BH0028,2026-05-19 00:00:00,MASUK,512.0,983.0,1495.0,-,Warna: BEIGE,Import Excel 2026
MG-2604-BH0028,2026-05-19 00:00:00,MASUK,513.0,1495.0,2008.0,-,Warna: ARMY,Import Excel 2026
MG-2604-BH0028,2026-05-19 00:00:00,MASUK,620.0,2008.0,2628.0,-,Warna: BLACK,Import Excel 2026
MG-2604-BH0028,2026-05-26 00:00:00,KELUAR_PRODUKSI,332.0,2628.0,2296.0,SO-MG260112,Warna: BLACK | Style: CHINOS PANJANG REGULER,Import Excel 2026
MG-2604-BH0028,2026-05-26 00:00:00,KELUAR_PRODUKSI,330.0,2296.0,1966.0,SO-MG260113,Warna: BEIGE | Style: CHINOS PANJANG REGULER,Import Excel 2026
MG-2604-BH0028,2026-05-28 00:00:00,KELUAR_PRODUKSI,199.0,1966.0,1767.0,SO-MG260115,Warna: ARMY | Style: SOIL CRG PJ#1,Import Excel 2026
MG-2604-BH0028,2026-05-28 00:00:00,KELUAR_PRODUKSI,183.6,1767.0,1583.4,SO-MG260116,Warna: BLACK | Style: SOIL CRG PJ#2,Import Excel 2026
MG-2604-BH0028,2026-05-28 00:00:00,KELUAR_PRODUKSI,203.0,1583.4,1380.4,SO-MG260117,Warna: KHAKY | Style: SOIL CRG PJ#3,Import Excel 2026
MG-2604-BH0028,2026-05-28 00:00:00,KELUAR_PRODUKSI,182.0,1380.4,1198.4,SO-MG260118,Warna: BEIGE | Style: SOIL CRG PJ#4,Import Excel 2026
MG-2604-BH0028,2026-05-28 00:00:00,KELUAR_PRODUKSI,204.0,1198.4,994.4,SO-MG260119,Warna: ABU | Style: SOIL CRG PJ#5,Import Excel 2026
MG-2604-BH0028,2026-06-05 00:00:00,KELUAR_PRODUKSI,107.0,994.4,887.4,SO-MG260136,Warna: ARMY | Style: STAT CNS PDK#1 | SISA SEV ARMY,Import Excel 2026
MG-2604-BH0028,2026-06-05 00:00:00,KELUAR_PRODUKSI,104.4,887.4,783.0,SO-MG260137,Warna: BLACK | Style: STAT CNS PDK#2 | SISA SEV KHAKY,Import Excel 2026
MG-2604-BH0028,2026-06-05 00:00:00,KELUAR_PRODUKSI,108.1,783.0,674.9,SO-MG260138,Warna: KHAKY | Style: STAT CNS PDK#3 | SISA SEV ABU,Import Excel 2026
MG-2604-BH0028,2026-06-05 00:00:00,KELUAR_PRODUKSI,107.5,674.9,567.4,SO-MG260140,Warna: ABU | Style: STAT CNS PDK#5,Import Excel 2026
MG-2604-BH0028,2026-06-08 00:00:00,KELUAR_PRODUKSI,160.2,567.4,407.2,SO-MG260142,Warna: ARMY | Style: GRIT CRG PDK#1,Import Excel 2026
MG-2604-BH0028,2026-06-08 00:00:00,KELUAR_PRODUKSI,154.9,407.2,252.3,SO-MG260143,Warna: KHAKY | Style: GRIT CRG PDK#3,Import Excel 2026
MG-2604-BH0028,2026-06-08 00:00:00,KELUAR_PRODUKSI,158.7,252.3,93.6,SO-MG260144,Warna: ABU | Style: GRIT CRG PDK#5,Import Excel 2026
MG-2604-BH0029,2026-01-01 00:00:00,KELUAR_PRODUKSI,112.66,0.0,-112.66,-,Warna: PURIH | RETUR,Import Excel 2026
MG-2604-BH0029,2026-05-18 00:00:00,MASUK,112.66,-112.66,0.0,-,Warna: PUTIH,Import Excel 2026
MG-2604-BH0030,2026-05-20 00:00:00,MASUK,503.0,0.0,503.0,-,Warna: PUTIH,Import Excel 2026
MG-2604-BH0030,2026-05-22 00:00:00,KELUAR_PRODUKSI,100.0,503.0,403.0,SO-MG260113,Warna: PUTIH | Style: CHINOS PANJANG REGULER | 2 STYLE,Import Excel 2026
MG-2604-BH0030,2026-05-23 00:00:00,KELUAR_PRODUKSI,30.0,403.0,373.0,SO-MG260112,Warna: PUTIH | Style: CHINOS PANJANG REGULER | 2 STYLE,Import Excel 2026
MG-2604-BH0030,2026-05-23 00:00:00,KELUAR_PRODUKSI,100.0,373.0,273.0,SO-MG260115,Warna: PUTIH | Style: SOIL CRG PJ#1 | 5 STYLE,Import Excel 2026
MG-2604-BH0030,2026-05-28 00:00:00,KELUAR_PRODUKSI,92.0,273.0,181.0,SO-MG260102,Warna: PUTIH | Style: WIDE CARGO -1 | 4 STYLE,Import Excel 2026
MG-2604-BH0030,2026-05-30 00:00:00,KELUAR_PRODUKSI,52.0,181.0,129.0,SO-MG260121,Warna: PUTIH | Style: DENIMES 2.57 | 2 STYLE,Import Excel 2026
MG-2604-BH0030,2026-05-30 00:00:00,KELUAR_PRODUKSI,45.0,129.0,84.0,SO-MG260104,Warna: PUTIH | Style: WIDE CARGO -3 | 4 STYLE,Import Excel 2026
MG-2604-BH0030,2026-06-04 00:00:00,KELUAR_PRODUKSI,84.0,84.0,0.0,SO-MG260131,Warna: PUTIH | Style: UCAD CNS PJG #1 | 5 STYLE,Import Excel 2026
MG-2604-BH0031,2026-05-20 00:00:00,MASUK,3600.5,0.0,3600.5,-,Warna: DRAK GREY,Import Excel 2026
MG-2604-BH0032,2026-05-21 00:00:00,MASUK,109.0,0.0,109.0,-,Warna: PUTIH,Import Excel 2026
MG-2604-BH0032,2026-06-29 00:00:00,KELUAR_PRODUKSI,15.0,109.0,94.0,SO-MG260004,Warna: PUTIH | Style: WIND MILD BLACK,Import Excel 2026
MG-2604-BH0032,2026-08-22 00:00:00,KELUAR_PRODUKSI,66.0,94.0,28.0,SO-MG260006,Style: WIND MILD BLUE,Import Excel 2026
MG-2604-BH0033,2026-05-21 00:00:00,MASUK,100.0,0.0,100.0,-,Warna: OFFWHITE,Import Excel 2026
MG-2604-BH0033,2026-05-21 00:00:00,MASUK,100.0,100.0,200.0,-,Warna: BLACK,Import Excel 2026
MG-2604-BH0033,2026-05-21 00:00:00,MASUK,100.0,200.0,300.0,-,Warna: NAVY20,Import Excel 2026
MG-2604-BH0033,2026-06-04 00:00:00,KELUAR_PRODUKSI,100.0,300.0,200.0,SO-MG260128,Warna: BLACK | Style: HAVERN LN#4 HTM,Import Excel 2026
MG-2604-BH0033,2026-06-04 00:00:00,KELUAR_PRODUKSI,100.0,200.0,100.0,SO-MG260129,Warna: NAVY | Style: HAVERN LN#5 NVY,Import Excel 2026
MG-2604-BH0033,2026-06-04 00:00:00,KELUAR_PRODUKSI,100.0,100.0,0.0,SO-MG260130,Warna: PUTIH | Style: HAVERN LN#6 PTH,Import Excel 2026
MG-2604-BH0034,2026-05-21 00:00:00,MASUK,927.0,0.0,927.0,-,Warna: BLUE,Import Excel 2026
MG-2604-BH0034,2026-05-30 00:00:00,KELUAR_PRODUKSI,312.0,927.0,615.0,SO-MG260029,Warna: BLACK | Style: DENIM  BLACK WHISKER,Import Excel 2026
MG-2604-BH0034,2026-06-10 00:00:00,KELUAR_PRODUKSI,205.0,615.0,410.0,SO-MG260145,Warna: HITAM | Style: DENIMES 1.459,Import Excel 2026
MG-2604-BH0034,2026-06-10 00:00:00,KELUAR_PRODUKSI,187.0,410.0,223.0,SO-MG260146,Warna: HITAM | Style: DENIMES 1.460,Import Excel 2026
MG-2604-BH0034,2026-06-10 00:00:00,KELUAR_PRODUKSI,187.0,223.0,36.0,SO-MG260147,Warna: HITAM | Style: DENIMES 1.461,Import Excel 2026
MG-2604-BH0034,2026-07-18 00:00:00,KELUAR_PRODUKSI,36.0,36.0,0.0,SO-MG260243,Warna: BLUE | Style: DENIMES 1.462,Import Excel 2026
MG-2604-BH0035,2026-05-22 00:00:00,MASUK,238.7,0.0,238.7,-,Warna: HITAM,Import Excel 2026
MG-2604-BH0035,2026-05-22 00:00:00,MASUK,226.4,238.7,465.1,-,Warna: ABU TUA,Import Excel 2026
MG-2604-BH0035,2026-06-08 00:00:00,KELUAR_PRODUKSI,238.7,465.1,226.4,SO-MG260108,"Warna: HITAM | Style: DECOTTON 1,650",Import Excel 2026
MG-2604-BH0035,2026-06-08 00:00:00,KELUAR_PRODUKSI,226.4,226.4,0.0,SO-MG260109,"Warna: ABU | Style: DECOTTON 1,651",Import Excel 2026
MG-2604-BH0036,2026-05-22 00:00:00,MASUK,105.0,0.0,105.0,-,Warna: MOCA,Import Excel 2026
MG-2604-BH0036,2026-05-22 00:00:00,MASUK,113.0,105.0,218.0,-,Warna: ABU TUA,Import Excel 2026
MG-2604-BH0036,2026-05-22 00:00:00,MASUK,151.0,218.0,369.0,-,Warna: BLACK,Import Excel 2026
MG-2604-BH0036,2026-05-22 00:00:00,MASUK,149.0,369.0,518.0,-,Warna: KHAKY,Import Excel 2026
MG-2604-BH0036,2026-05-22 00:00:00,MASUK,144.0,518.0,662.0,-,Warna: ABU MUDA,Import Excel 2026
MG-2604-BH0036,2026-06-03 00:00:00,KELUAR_PRODUKSI,105.0,662.0,557.0,SO-MG260135,Warna: MOCA | Style: UCAD CNS PJG #5,Import Excel 2026
MG-2604-BH0036,2026-06-03 00:00:00,KELUAR_PRODUKSI,113.0,557.0,444.0,SO-MG260132,Warna: ABU TUA | Style: UCAD CNS PJG #2,Import Excel 2026
MG-2604-BH0036,2026-06-03 00:00:00,KELUAR_PRODUKSI,151.0,444.0,293.0,SO-MG260131,Warna: BLACK | Style: UCAD CNS PJG #1,Import Excel 2026
MG-2604-BH0036,2026-06-03 00:00:00,KELUAR_PRODUKSI,149.0,293.0,144.0,SO-MG260134,Warna: KHAKY | Style: UCAD CNS PJG #4,Import Excel 2026
MG-2604-BH0036,2026-06-03 00:00:00,KELUAR_PRODUKSI,144.0,144.0,0.0,SO-MG260133,Warna: ABU MUDA | Style: UCAD CNS PJG #3,Import Excel 2026
MG-2604-BH0037,2026-05-21 00:00:00,KELUAR_PRODUKSI,120.0,0.0,-120.0,SO-MG260106,Warna: MAROON | Style: GIGGLEWS OVERALL MR,Import Excel 2026
MG-2604-BH0037,2026-05-21 00:00:00,KELUAR_PRODUKSI,117.0,-120.0,-237.0,SO-MG260107,Warna: NMUSTRAD | Style: GIGGLEWS OVERALL MS,Import Excel 2026
MG-2604-BH0037,2026-05-22 00:00:00,MASUK,120.0,-237.0,-117.0,-,Warna: MAROON,Import Excel 2026
MG-2604-BH0037,2026-05-22 00:00:00,MASUK,117.0,-117.0,0.0,-,Warna: MUSTRAD,Import Excel 2026
MG-2604-BH0038,2026-05-25 00:00:00,MASUK,207.0,0.0,207.0,-,Warna: BLACK,Import Excel 2026
MG-2604-BH0038,2026-05-30 00:00:00,KELUAR_PRODUKSI,207.0,207.0,0.0,SO-MG260120,Warna: BLACK | Style: DENIMES 2.55,Import Excel 2026
MG-2604-BH0039,2026-05-25 00:00:00,MASUK,205.0,0.0,205.0,-,Warna: BLUE,Import Excel 2026
MG-2604-BH0039,2026-05-30 00:00:00,KELUAR_PRODUKSI,205.0,205.0,0.0,SO-MG260121,Warna: BLUE | Style: DENIMES 2.57,Import Excel 2026
MG-2604-BH0040,2026-05-25 00:00:00,MASUK,414.0,0.0,414.0,-,Warna: BLUE,Import Excel 2026
MG-2604-BH0040,2026-05-30 00:00:00,KELUAR_PRODUKSI,278.0,414.0,136.0,SO-MG260028,Warna: BLUE | Style: DENIM  BLUE WHISKER,Import Excel 2026
MG-2604-BH0040,2026-07-18 00:00:00,KELUAR_PRODUKSI,136.0,136.0,0.0,SO-MG260244,Warna: BLUE | Style: DENIMES 1.465,Import Excel 2026
MG-2604-BH0041,2026-05-25 00:00:00,MASUK,300.0,0.0,300.0,-,Warna: PUTIH,Import Excel 2026
MG-2604-BH0041,2026-06-04 00:00:00,KELUAR_PRODUKSI,25.0,300.0,275.0,SO-MG260131,Warna: PUTIH | Style: UCAD CNS PJG #1 | 5 STYLE,Import Excel 2026
MG-2604-BH0041,2026-06-08 00:00:00,KELUAR_PRODUKSI,41.0,275.0,234.0,SO-MG260136,Warna: PUTIH | Style: STAT CNS PDK#1 | 4 STYLE,Import Excel 2026
MG-2604-BH0041,2026-06-10 00:00:00,KELUAR_PRODUKSI,88.0,234.0,146.0,SO-MG260142,Warna: PUTIH | Style: GRIT CRG PDK#1 | 3 STYLE,Import Excel 2026
MG-2604-BH0041,2026-06-10 00:00:00,KELUAR_PRODUKSI,146.0,146.0,0.0,-,Warna: PUTIH | 9 STYLE WRNG DNM,Import Excel 2026
MG-2604-BH0042,2026-05-25 00:00:00,MASUK,200.0,0.0,200.0,-,Warna: BLACK,Import Excel 2026
MG-2604-BH0042,2026-05-28 00:00:00,KELUAR_PRODUKSI,79.0,200.0,121.0,SO-MG260108,"Warna: HITAM | Style: DECOTTON 1,650 | 2 STYLE",Import Excel 2026
MG-2604-BH0042,2026-06-12 00:00:00,KELUAR_PRODUKSI,42.5,121.0,78.5,SO-MG260148,Warna: HITAM | Style: ROFT#1 | 2 STYLE,Import Excel 2026
MG-2604-BH0042,2026-06-19 00:00:00,KELUAR_PRODUKSI,79.0,78.5,-0.5,SO-MG260159,Warna: HITAM | Style: TRACKTOP JACKET,Import Excel 2026
MG-2604-BH0043,2026-05-28 00:00:00,MASUK,1314.0,0.0,1314.0,-,Warna: BLACK,Import Excel 2026
MG-2604-BH0043,2026-06-22 00:00:00,KELUAR_PRODUKSI,1264.0,1314.0,50.0,SO-MG260141,Warna: HITAM | Style: LINIE MEN SHIRT,Import Excel 2026
MG-2604-BH0044,2026-05-28 00:00:00,MASUK,1093.13,0.0,1093.13,-,Warna: DRAK GREY | 15.75,Import Excel 2026
MG-2604-BH0045,2026-05-28 00:00:00,MASUK,1548.49,0.0,1548.49,-,Warna: DRAK OLIVE | 8.25,Import Excel 2026
MG-2604-BH0046,2026-05-28 00:00:00,MASUK,498.3,0.0,498.3,-,Warna: DRAK GREY | 16 YARD BEDA BAHAN,Import Excel 2026
MG-2604-BH0047,2026-05-28 00:00:00,MASUK,498.67,0.0,498.67,-,Warna: OLIVE,Import Excel 2026
MG-2604-BH0048,2026-05-28 00:00:00,MASUK,395.84,0.0,395.84,-,Warna: PUTIH | 4 ROLL TANPA YARD,Import Excel 2026
MG-2604-BH0049,2026-06-02 00:00:00,MASUK,1399.61,0.0,1399.61,-,Warna: KHAKY,Import Excel 2026
MG-2604-BH0050,2026-06-08 00:00:00,MASUK,124.45,0.0,124.45,-,Warna: DK.OLIVE,Import Excel 2026
MG-2604-BH0050,2026-06-15 00:00:00,KELUAR_PRODUKSI,124.45,124.45,0.0,SO-MG260102,Warna: DK.OLIVE | Style: WIDE CARGO -1,Import Excel 2026
MG-2604-BH0051,2026-06-09 00:00:00,MASUK,72.0,0.0,72.0,-,Warna: NAVY,Import Excel 2026
MG-2604-BH0051,2026-06-09 00:00:00,MASUK,80.0,72.0,152.0,-,Warna: BLUE,Import Excel 2026
MG-2604-BH0051,2026-06-13 00:00:00,KELUAR_PRODUKSI,72.0,152.0,80.0,SO-MG260150,Warna: NAVY | Style: GIGGLEWS OVERALL #1 NAVY,Import Excel 2026
MG-2604-BH0051,2026-06-13 00:00:00,KELUAR_PRODUKSI,80.0,80.0,0.0,SO-MG260151,Warna: BLUE | Style: GIGGLEWS OVERALL#2 BLUE,Import Excel 2026
MG-2604-BH0052,2026-06-11 00:00:00,MASUK,96.0,0.0,96.0,-,Warna: COKLAT,Import Excel 2026
MG-2604-BH0052,2026-06-11 00:00:00,MASUK,99.0,96.0,195.0,-,Warna: ABU,Import Excel 2026
MG-2604-BH0052,2026-06-12 00:00:00,KELUAR_PRODUKSI,96.0,195.0,99.0,SO-MG260148,Warna: COKLAT | Style: ROFT#1,Import Excel 2026
MG-2604-BH0052,2026-06-12 00:00:00,KELUAR_PRODUKSI,99.0,99.0,0.0,SO-MG260149,Warna: ABU | Style: ROFT#2,Import Excel 2026
MG-2604-BH0053,2026-06-11 00:00:00,MASUK,118.0,0.0,118.0,-,Warna: OLIVE,Import Excel 2026
MG-2604-BH0053,2026-06-11 00:00:00,MASUK,101.0,118.0,219.0,-,Warna: ABU,Import Excel 2026
MG-2604-BH0053,2026-06-11 00:00:00,MASUK,128.0,219.0,347.0,-,Warna: CREAM,Import Excel 2026
MG-2604-BH0053,2026-06-11 00:00:00,MASUK,132.0,347.0,479.0,-,Warna: BROKE WHITE,Import Excel 2026
MG-2604-BH0053,2026-07-01 00:00:00,KELUAR_PRODUKSI,101.0,479.0,378.0,SO-MG260185,Warna: ABU TUA | Style: RAFT#1  CREAM,Import Excel 2026
MG-2604-BH0053,2026-07-01 00:00:00,KELUAR_PRODUKSI,118.0,378.0,260.0,SO-MG260186,Warna: OLIVE | Style: RAFT#1  OLIVE,Import Excel 2026
MG-2604-BH0053,2026-07-01 00:00:00,KELUAR_PRODUKSI,128.0,260.0,132.0,SO-MG260187,Warna: KHAKY | Style: RAFT#2 KHAKY,Import Excel 2026
MG-2604-BH0053,2026-07-01 00:00:00,KELUAR_PRODUKSI,132.0,132.0,0.0,SO-MG260188,Warna: CREAM | Style: RAFT#2 ABU TUA,Import Excel 2026
MG-2604-BH0054,2026-06-15 00:00:00,MASUK,1471.0,0.0,1471.0,-,Warna: BLACK,Import Excel 2026
MG-2604-BH0054,2026-06-19 00:00:00,KELUAR_PRODUKSI,91.0,1471.0,1380.0,SO-MG260160,Warna: HITAM | Style: BOARDSHORT PANTS,Import Excel 2026
MG-2604-BH0054,2026-06-19 00:00:00,KELUAR_PRODUKSI,92.0,1380.0,1288.0,SO-MG260160,Warna: HITAM | Style: BOARDSHORT PANTS,Import Excel 2026
MG-2604-BH0054,2026-06-19 00:00:00,KELUAR_PRODUKSI,136.0,1288.0,1152.0,SO-MG260160,Warna: HITAM | Style: BOARDSHORT PANTS,Import Excel 2026
MG-2604-BH0054,2026-06-19 00:00:00,KELUAR_PRODUKSI,67.0,1152.0,1085.0,SO-MG260160,Warna: HITAM | Style: BOARDSHORT PANTS,Import Excel 2026
MG-2604-BH0054,2026-06-19 00:00:00,KELUAR_PRODUKSI,69.0,1085.0,1016.0,SO-MG260160,Warna: HITAM | Style: BOARDSHORT PANTS,Import Excel 2026
MG-2604-BH0054,2026-06-19 00:00:00,KELUAR_PRODUKSI,79.0,1016.0,937.0,SO-MG260158,Warna: HITAM | Style: SEMI PARKA,Import Excel 2026
MG-2604-BH0054,2026-06-19 00:00:00,KELUAR_PRODUKSI,70.0,937.0,867.0,SO-MG260158,Warna: HITAM | Style: SEMI PARKA,Import Excel 2026
MG-2604-BH0054,2026-06-19 00:00:00,KELUAR_PRODUKSI,148.0,867.0,719.0,SO-MG260158,Warna: HITAM | Style: SEMI PARKA,Import Excel 2026
MG-2604-BH0054,2026-06-19 00:00:00,KELUAR_PRODUKSI,77.0,719.0,642.0,SO-MG260158,Warna: HITAM | Style: SEMI PARKA,Import Excel 2026
MG-2604-BH0054,2026-06-19 00:00:00,KELUAR_PRODUKSI,73.0,642.0,569.0,SO-MG260158,Warna: HITAM | Style: SEMI PARKA,Import Excel 2026
MG-2604-BH0054,2026-06-19 00:00:00,KELUAR_PRODUKSI,78.0,569.0,491.0,SO-MG260158,Warna: HITAM | Style: SEMI PARKA,Import Excel 2026
MG-2604-BH0054,2026-06-19 00:00:00,KELUAR_PRODUKSI,93.0,491.0,398.0,SO-MG260159,Warna: HITAM | Style: TRACKTOP JACKET,Import Excel 2026
MG-2604-BH0054,2026-06-19 00:00:00,KELUAR_PRODUKSI,81.0,398.0,317.0,SO-MG260159,Warna: HITAM | Style: TRACKTOP JACKET,Import Excel 2026
MG-2604-BH0054,2026-06-19 00:00:00,KELUAR_PRODUKSI,88.0,317.0,229.0,SO-MG260159,Warna: HITAM | Style: TRACKTOP JACKET,Import Excel 2026
MG-2604-BH0054,2026-06-19 00:00:00,KELUAR_PRODUKSI,80.0,229.0,149.0,SO-MG260159,Warna: HITAM | Style: TRACKTOP JACKET,Import Excel 2026
MG-2604-BH0054,2026-06-19 00:00:00,KELUAR_PRODUKSI,78.0,149.0,71.0,SO-MG260159,Warna: HITAM | Style: TRACKTOP JACKET,Import Excel 2026
MG-2604-BH0054,2026-06-19 00:00:00,KELUAR_PRODUKSI,71.0,71.0,0.0,SO-MG260159,Warna: HITAM | Style: TRACKTOP JACKET,Import Excel 2026
MG-2604-BH0055,2026-06-03 00:00:00,MASUK,573.0,0.0,573.0,-,Warna: KHAKY,Import Excel 2026
MG-2604-BH0056,2026-06-08 00:00:00,MASUK,1649.44,0.0,1649.44,-,Warna: KHAKY,Import Excel 2026
MG-2604-BH0057,2026-06-10 00:00:00,MASUK,2110.66,0.0,2110.66,-,Warna: OLIVE,Import Excel 2026
MG-2604-BH0058,2026-06-15 00:00:00,MASUK,1575.0,0.0,1575.0,-,Warna: OLIVE,Import Excel 2026
MG-2604-BH0059,2026-06-15 00:00:00,MASUK,399.99,0.0,399.99,-,Warna: PUTIH,Import Excel 2026
MG-2604-BH0059,2026-06-15 00:00:00,MASUK,145.0,399.99,544.99,-,Warna: PTH,Import Excel 2026
MG-2604-BH0059,2026-06-29 00:00:00,KELUAR_PRODUKSI,400.0,544.99,144.99,SO-MG260004,Warna: PUTIH | Style: WIND MILD BLACK,Import Excel 2026
MG-2604-BH0059,2026-07-22 00:00:00,KELUAR_PRODUKSI,129.0,144.99,15.99,SO-MG260184,Warna: PUTIH | Style: BERTOLT MEN PANTS FABRIC,Import Excel 2026
MG-2604-BH0059,2026-07-31 00:00:00,KELUAR_PRODUKSI,16.0,15.99,-0.01,SO-MG260184,Warna: PUTIH | Style: BERTOLT MEN PANTS FABRIC,Import Excel 2026
MG-2604-BH0060,2026-06-15 00:00:00,MASUK,248.0,0.0,248.0,-,Warna: BLACK,Import Excel 2026
MG-2604-BH0060,2026-06-15 00:00:00,MASUK,246.0,248.0,494.0,-,Warna: NAVY,Import Excel 2026
MG-2604-BH0060,2026-06-15 00:00:00,MASUK,250.0,494.0,744.0,-,Warna: ARMY,Import Excel 2026
MG-2604-BH0060,2026-06-15 00:00:00,MASUK,232.0,744.0,976.0,-,Warna: BROWN,Import Excel 2026
MG-2604-BH0060,2026-06-15 00:00:00,MASUK,236.0,976.0,1212.0,-,Warna: WHITE,Import Excel 2026
MG-2604-BH0060,2026-06-16 00:00:00,KELUAR_PRODUKSI,121.0,1212.0,1091.0,SO-MG260162,Warna: BLACK | Style: MERIDIAN FL#1,Import Excel 2026
MG-2604-BH0060,2026-06-16 00:00:00,KELUAR_PRODUKSI,122.0,1091.0,969.0,SO-MG260163,Warna: NAVY | Style: MERIDIAN FL#2,Import Excel 2026
MG-2604-BH0060,2026-06-16 00:00:00,KELUAR_PRODUKSI,125.0,969.0,844.0,SO-MG260164,Warna: ARMY | Style: MERIDIAN FL#3,Import Excel 2026
MG-2604-BH0060,2026-06-16 00:00:00,KELUAR_PRODUKSI,116.0,844.0,728.0,SO-MG260165,Warna: BROWN | Style: MERIDIAN FL#4,Import Excel 2026
MG-2604-BH0060,2026-06-16 00:00:00,KELUAR_PRODUKSI,118.0,728.0,610.0,SO-MG260166,Warna: WHITE | Style: MERIDIAN FL#5,Import Excel 2026
MG-2604-BH0060,2026-06-16 00:00:00,KELUAR_PRODUKSI,127.0,610.0,483.0,SO-MG260167,Warna: BLACK | Style: SEMPITERNAL FL#1,Import Excel 2026
MG-2604-BH0060,2026-06-16 00:00:00,KELUAR_PRODUKSI,124.0,483.0,359.0,SO-MG260168,Warna: NAVY | Style: SEMPITERNAL FL#2,Import Excel 2026
MG-2604-BH0060,2026-06-16 00:00:00,KELUAR_PRODUKSI,125.0,359.0,234.0,SO-MG260169,Warna: ARMY | Style: SEMPITERNAL FL#3,Import Excel 2026
MG-2604-BH0060,2026-06-16 00:00:00,KELUAR_PRODUKSI,116.0,234.0,118.0,SO-MG260170,Warna: BROWN | Style: SEMPITERNAL FL#4,Import Excel 2026
MG-2604-BH0060,2026-06-16 00:00:00,KELUAR_PRODUKSI,118.0,118.0,0.0,SO-MG260171,Warna: WHITE | Style: SEMPITERNAL FL#5,Import Excel 2026
MG-2604-BH0061,2026-06-15 00:00:00,MASUK,100.0,0.0,100.0,-,Warna: PUTIH,Import Excel 2026
MG-2604-BH0061,2026-06-19 00:00:00,KELUAR_PRODUKSI,16.0,100.0,84.0,SO-MG260102,Warna: WHITE | Style: WIDE CARGO -1,Import Excel 2026
MG-2604-BH0061,2026-06-19 00:00:00,KELUAR_PRODUKSI,8.0,84.0,76.0,SO-MG26100621,Warna: WHITE | Style: ATASAN RESMI PEREMPUAN SD | 3 STYLE 25 YARD,Import Excel 2026
MG-2604-BH0061,2026-06-29 00:00:00,KELUAR_PRODUKSI,76.0,76.0,0.0,SO-MG260185,Warna: PUTIH | Style: RAFT#1  CREAM,Import Excel 2026
MG-2604-BH0062,2026-06-18 00:00:00,MASUK,1144.74,0.0,1144.74,-,Warna: OLIVE,Import Excel 2026
MG-2604-BH0063,2026-06-18 00:00:00,MASUK,1776.92,0.0,1776.92,-,Warna: WHEAT,Import Excel 2026
MG-2604-BH0064,2026-06-18 00:00:00,MASUK,1163.0,0.0,1163.0,-,Warna: KOTAK,Import Excel 2026
MG-2604-BH0064,2026-06-22 00:00:00,KELUAR_PRODUKSI,134.0,1163.0,1029.0,SO-MG260172,Warna: NAVY-YELLOW | Style: CATALYST FL | NAVY-YELLOW,Import Excel 2026
MG-2604-BH0064,2026-06-22 00:00:00,KELUAR_PRODUKSI,140.0,1029.0,889.0,SO-MG260173,Warna: HITAM-BW | Style: VESTIGE FL | NAVY-GREEN,Import Excel 2026
MG-2604-BH0064,2026-06-22 00:00:00,KELUAR_PRODUKSI,181.0,889.0,708.0,SO-MG260174,Warna: HITAM-PUTIH | Style: AVENOR FL | HITAM,Import Excel 2026
MG-2604-BH0064,2026-06-22 00:00:00,KELUAR_PRODUKSI,99.0,708.0,609.0,SO-MG260175,Warna: NAVY-GREEN | Style: ENTROPY FL | BLUE-GREEN,Import Excel 2026
MG-2604-BH0064,2026-06-22 00:00:00,KELUAR_PRODUKSI,176.0,609.0,433.0,SO-MG260176,Warna: HITAM | Style: SOLTICE FL | NAVY-PUTIH,Import Excel 2026
MG-2604-BH0064,2026-06-22 00:00:00,KELUAR_PRODUKSI,147.0,433.0,286.0,SO-MG260177,Warna: BLUE-GREEN | Style: UNEENDING FL | NAVY-KUNING,Import Excel 2026
MG-2604-BH0064,2026-06-22 00:00:00,KELUAR_PRODUKSI,138.0,286.0,148.0,SO-MG260178,Warna: NAVY-PUTIH | Style: NORVAIN FL,Import Excel 2026
MG-2604-BH0064,2026-06-22 00:00:00,KELUAR_PRODUKSI,148.0,148.0,0.0,SO-MG260179,Warna: NAVY-KUNING | Style: SENOVAR FL,Import Excel 2026
MG-2604-BH0065,2026-06-18 00:00:00,MASUK,175.77,0.0,175.77,-,Warna: HITAM,Import Excel 2026
MG-2604-BH0065,2026-06-18 00:00:00,MASUK,58.5,175.77,234.27,-,Warna: MISTY,Import Excel 2026
MG-2604-BH0065,2026-06-22 00:00:00,KELUAR_PRODUKSI,87.96,234.27,146.31,SO-MG260183,Warna: HITAM | Style: THERMA#1,Import Excel 2026
MG-2604-BH0065,2026-07-03 00:00:00,KELUAR_PRODUKSI,87.81,146.31,58.5,SO-MG260189,Warna: BLACK | Style: SPRINTON #1,Import Excel 2026
MG-2604-BH0065,2026-07-03 00:00:00,KELUAR_PRODUKSI,58.5,58.5,0.0,SO-MG260190,Warna: MISTY | Style: SPRINTON #2,Import Excel 2026
MG-2604-BH0066,2026-06-29 00:00:00,MASUK,735.04,0.0,735.04,-,Warna: WHITE,Import Excel 2026
MG-2604-BH0067,2026-06-29 00:00:00,MASUK,248.0,0.0,248.0,-,Warna: COKLAT,Import Excel 2026
MG-2604-BH0067,2026-06-29 00:00:00,MASUK,201.0,248.0,449.0,-,Warna: CREAM,Import Excel 2026
MG-2604-BH0067,2026-06-29 00:00:00,MASUK,258.0,449.0,707.0,-,Warna: OLIVE,Import Excel 2026
MG-2604-BH0067,2026-07-04 00:00:00,KELUAR_PRODUKSI,124.0,707.0,583.0,SO-MG260191,Warna: BEIGE | Style: AKOR #1  BEIGE,Import Excel 2026
MG-2604-BH0067,2026-07-04 00:00:00,KELUAR_PRODUKSI,137.0,583.0,446.0,SO-MG260192,Warna: OLIVE | Style: AKOR #2 OLIVE,Import Excel 2026
MG-2604-BH0067,2026-07-04 00:00:00,KELUAR_PRODUKSI,118.0,446.0,328.0,SO-MG260193,Warna: BROKEN | Style: AKOR #3 BROKEN WHITE,Import Excel 2026
MG-2604-BH0067,2026-07-08 00:00:00,KELUAR_PRODUKSI,124.0,328.0,204.0,SO-MG260207,Warna: CREM | Style: APSTA#1 CREAM,Import Excel 2026
MG-2604-BH0067,2026-07-08 00:00:00,KELUAR_PRODUKSI,121.0,204.0,83.0,SO-MG260208,Warna: OLIVE | Style: APSTA#2 OLIVE,Import Excel 2026
MG-2604-BH0067,2026-07-08 00:00:00,KELUAR_PRODUKSI,83.0,83.0,0.0,SO-MG260209,Warna: BROKEN | Style: APSTA#3 BROKEN WHITE,Import Excel 2026
MG-2604-BH0068,2026-07-01 00:00:00,MASUK,82.0,0.0,82.0,-,,Import Excel 2026
MG-2604-BH0068,2026-07-01 00:00:00,MASUK,112.0,82.0,194.0,-,,Import Excel 2026
MG-2604-BH0068,2026-07-01 00:00:00,MASUK,141.0,194.0,335.0,-,,Import Excel 2026
MG-2604-BH0068,2026-07-01 00:00:00,MASUK,80.0,335.0,415.0,-,,Import Excel 2026
MG-2604-BH0068,2026-07-01 00:00:00,MASUK,77.0,415.0,492.0,-,,Import Excel 2026
MG-2604-BH0068,2026-07-01 00:00:00,MASUK,75.0,492.0,567.0,-,,Import Excel 2026
MG-2604-BH0068,2026-07-01 00:00:00,MASUK,149.0,567.0,716.0,-,,Import Excel 2026
MG-2604-BH0068,2026-07-01 00:00:00,MASUK,165.0,716.0,881.0,-,,Import Excel 2026
MG-2604-BH0068,2026-07-01 00:00:00,MASUK,85.0,881.0,966.0,-,,Import Excel 2026
MG-2604-BH0068,2026-07-01 00:00:00,MASUK,56.0,966.0,1022.0,-,,Import Excel 2026
MG-2604-BH0068,2026-07-01 00:00:00,MASUK,70.0,1022.0,1092.0,-,,Import Excel 2026
MG-2604-BH0068,2026-07-01 00:00:00,MASUK,62.0,1092.0,1154.0,-,,Import Excel 2026
MG-2604-BH0068,2026-07-01 00:00:00,MASUK,69.0,1154.0,1223.0,-,,Import Excel 2026
MG-2604-BH0068,2026-07-01 00:00:00,MASUK,54.0,1223.0,1277.0,-,,Import Excel 2026
MG-2604-BH0068,2026-07-04 00:00:00,KELUAR_PRODUKSI,123.0,1277.0,1154.0,SO-MG260194,Warna: BLACK | Style: RENOIR#1,Import Excel 2026
MG-2604-BH0068,2026-07-04 00:00:00,KELUAR_PRODUKSI,56.0,1154.0,1098.0,SO-MG260195,Warna: ABU | Style: RENOIR#2,Import Excel 2026
MG-2604-BH0068,2026-07-04 00:00:00,KELUAR_PRODUKSI,62.0,1098.0,1036.0,SO-MG260196,Warna: MOCA | Style: RENOIR#3,Import Excel 2026
MG-2604-BH0068,2026-07-04 00:00:00,KELUAR_PRODUKSI,70.0,1036.0,966.0,SO-MG260197,Warna: NAVY | Style: RENOIR#4,Import Excel 2026
MG-2604-BH0068,2026-07-04 00:00:00,KELUAR_PRODUKSI,85.0,966.0,881.0,SO-MG260198,Warna: CREAM MD | Style: RENOIR#5,Import Excel 2026
MG-2604-BH0068,2026-07-06 00:00:00,KELUAR_PRODUKSI,77.0,881.0,804.0,SO-MG260199,Warna: BLACK | Style: LEVANT CY#1,Import Excel 2026
MG-2604-BH0068,2026-07-06 00:00:00,KELUAR_PRODUKSI,75.0,804.0,729.0,SO-MG260200,Warna: NAVY | Style: LEVANT CY#2,Import Excel 2026
MG-2604-BH0068,2026-07-06 00:00:00,KELUAR_PRODUKSI,112.0,729.0,617.0,SO-MG260201,Warna: BLUE | Style: LEVANT CY#3,Import Excel 2026
MG-2604-BH0068,2026-07-06 00:00:00,KELUAR_PRODUKSI,80.0,617.0,537.0,SO-MG260202,Warna: KHAKY | Style: LEVANT CY#4,Import Excel 2026
MG-2604-BH0068,2026-07-06 00:00:00,KELUAR_PRODUKSI,165.0,537.0,372.0,SO-MG260203,Warna: BLACK | Style: VALMONT CY#1,Import Excel 2026
MG-2604-BH0068,2026-07-06 00:00:00,KELUAR_PRODUKSI,149.0,372.0,223.0,SO-MG260204,Warna: NAVY | Style: VALMONT CY#2,Import Excel 2026
MG-2604-BH0068,2026-07-06 00:00:00,KELUAR_PRODUKSI,141.0,223.0,82.0,SO-MG260205,Warna: BLUE | Style: VALMONT CY#3,Import Excel 2026
MG-2604-BH0068,2026-07-06 00:00:00,KELUAR_PRODUKSI,82.0,82.0,0.0,SO-MG260206,Warna: MAROON | Style: VALMONT CY#4,Import Excel 2026
MG-2604-BH0069,2026-07-02 00:00:00,MASUK,14.1,0.0,14.1,-,Warna: HITAM,Import Excel 2026
MG-2604-BH0069,2026-07-02 00:00:00,MASUK,8.1,14.1,22.2,-,Warna: M7I,Import Excel 2026
MG-2604-BH0069,2026-07-02 00:00:00,MASUK,13.2,22.2,35.4,-,,Import Excel 2026
MG-2604-BH0069,2026-07-03 00:00:00,KELUAR_PRODUKSI,35.4,35.4,0.0,SO-MG260189,Warna: B-M | Style: SPRINTON #1 | 2 STYLE,Import Excel 2026
MG-2604-BH0070,2026-07-02 00:00:00,MASUK,2300.65,0.0,2300.65,-,Warna: WHITE,Import Excel 2026
MG-2604-BH0071,2026-07-03 00:00:00,MASUK,223.7,0.0,223.7,-,Warna: BLACK LOT A,Import Excel 2026
MG-2604-BH0071,2026-07-03 00:00:00,MASUK,803.54,223.7,1027.24,-,Warna: BLACK LOT C,Import Excel 2026
MG-2604-BH0072,2026-07-03 00:00:00,MASUK,300.8,0.0,300.8,-,Warna: ARMY LOT A,Import Excel 2026
MG-2604-BH0072,2026-07-03 00:00:00,MASUK,95.83,300.8,396.63,-,Warna: ARMY LOT B,Import Excel 2026
MG-2604-BH0072,2026-07-03 00:00:00,MASUK,601.75,396.63,998.38,-,Warna: ARMY LOT C,Import Excel 2026
MG-2604-BH0072,2026-07-03 00:00:00,MASUK,1070.84,998.38,2069.22,-,Warna: ARMY,Import Excel 2026
MG-2604-BH0073,2026-07-01 00:00:00,KELUAR_PRODUKSI,16.0,0.0,-16.0,SO-MG260185,Warna: PUTIH | Style: RAFT#1  CREAM | 4 STYLE,Import Excel 2026
MG-2604-BH0073,2026-07-02 00:00:00,MASUK,100.0,-16.0,84.0,-,Warna: PUTIH,Import Excel 2026
MG-2604-BH0073,2026-07-04 00:00:00,KELUAR_PRODUKSI,57.0,84.0,27.0,SO-MG260191,Warna: PUTIH | Style: AKOR #1  BEIGE | 3 STYLE,Import Excel 2026
MG-2604-BH0073,2026-07-18 00:00:00,KELUAR_PRODUKSI,27.0,27.0,0.0,SO-MG260244,Warna: PUTIH | Style: DENIMES 1.465,Import Excel 2026
MG-2604-BH0074,2026-07-02 00:00:00,MASUK,100.0,0.0,100.0,-,Warna: HITAM,Import Excel 2026
MG-2604-BH0074,2026-07-03 00:00:00,KELUAR_PRODUKSI,12.0,100.0,88.0,SO-MG260182,Warna: HITAM | Style: DECOTON 1.648,Import Excel 2026
MG-2604-BH0074,2026-07-04 00:00:00,KELUAR_PRODUKSI,88.0,88.0,0.0,SO-MG260194,Warna: BLACK | Style: RENOIR#1 | 5 STYLE,Import Excel 2026
MG-2604-BH0075,2026-07-08 00:00:00,MASUK,366.0,0.0,366.0,-,Warna: KHAKI LOT 1,Import Excel 2026
MG-2604-BH0075,2026-07-08 00:00:00,MASUK,785.99,366.0,1151.99,-,Warna: KHAKI LOT A,Import Excel 2026
MG-2604-BH0075,2026-07-08 00:00:00,MASUK,570.1,1151.99,1722.09,-,Warna: KHAKI LOT B,Import Excel 2026
MG-2604-BH0075,2026-07-08 00:00:00,MASUK,1079.93,1722.09,2802.02,-,Warna: KHAKI LOT C,Import Excel 2026
MG-2604-BH0075,2026-07-25 00:00:00,KELUAR_PRODUKSI,2438.96,2802.02,363.06,SO-MG260257,Warna: khaki | Style: BIVO MEN PANTS FABRIC KHAKY,Import Excel 2026
MG-2604-BH0075,2026-08-12 00:00:00,KELUAR_PRODUKSI,363.06,363.06,0.0,SO-MG260257,Warna: KHAKY | Style: BIVO MEN PANTS FABRIC KHAKY,Import Excel 2026
MG-2604-BH0076,2026-07-08 00:00:00,MASUK,1317.5,0.0,1317.5,-,Warna: DARK GREY LOT 1,Import Excel 2026
MG-2604-BH0076,2026-07-08 00:00:00,MASUK,1116.0,1317.5,2433.5,-,Warna: DARK GREY LOT 2,Import Excel 2026
MG-2604-BH0076,2026-07-08 00:00:00,MASUK,438.98,2433.5,2872.48,-,Warna: DARK GREY LOT B,Import Excel 2026
MG-2604-BH0076,2026-07-08 00:00:00,MASUK,305.58,2872.48,3178.06,-,Warna: DARK GREY LOT C,Import Excel 2026
MG-2604-BH0076,2026-08-12 00:00:00,KELUAR_PRODUKSI,3178.06,3178.06,0.0,SO-MG260259,Warna: OLIVE | Style: BIVO MEN PANTS FABRIC DARK GREY,Import Excel 2026
MG-2604-BH0077,2026-07-08 00:00:00,MASUK,1248.66,0.0,1248.66,-,Warna: OLIVE LOT A,Import Excel 2026
MG-2604-BH0077,2026-07-08 00:00:00,MASUK,1008.75,1248.66,2257.41,-,Warna: OLIVE LOT B,Import Excel 2026
MG-2604-BH0077,2026-07-08 00:00:00,MASUK,906.87,2257.41,3164.28,-,Warna: OLIVE LOT C,Import Excel 2026
MG-2604-BH0077,2026-08-12 00:00:00,KELUAR_PRODUKSI,3164.0,3164.28,0.28,SO-MG260258,Warna: GREY | Style: BIVO MEN PANTS FABRIC OLIVE,Import Excel 2026
MG-2604-BH0078,2026-07-08 00:00:00,MASUK,116.0,0.0,116.0,-,Warna: WHEAT LOT 5,Import Excel 2026
MG-2604-BH0078,2026-07-08 00:00:00,MASUK,1948.06,116.0,2064.06,-,Warna: WHEAT LOT A,Import Excel 2026
MG-2604-BH0078,2026-07-08 00:00:00,MASUK,174.71,2064.06,2238.77,-,Warna: WHEAT LOT B,Import Excel 2026
MG-2604-BH0078,2026-07-08 00:00:00,MASUK,1309.39,2238.77,3548.16,-,Warna: WHEAT LOT C,Import Excel 2026
MG-2604-BH0078,2026-07-25 00:00:00,KELUAR_PRODUKSI,3091.9,3548.16,456.26,SO-MG260260,Warna: wheat | Style: BIVO MEN PANTS FABRIC WHEAT,Import Excel 2026
MG-2604-BH0078,2026-08-12 00:00:00,KELUAR_PRODUKSI,456.26,456.26,0.0,SO-MG260260,Warna: WHEAT | Style: BIVO MEN PANTS FABRIC WHEAT,Import Excel 2026
MG-2604-BH0079,2026-07-07 00:00:00,MASUK,4398.0,0.0,4398.0,-,Warna: HITAM,Import Excel 2026
MG-2604-BH0079,2026-07-16 00:00:00,KELUAR_PRODUKSI,1371.07,4398.0,3026.93,SO-MG260226,Warna: HITAM | Style: CHINOS PANJANG  HITAM,Import Excel 2026
MG-2604-BH0079,2026-07-16 00:00:00,KELUAR_PRODUKSI,658.03,3026.93,2368.9,SO-MG260215,Warna: HITAM | Style: CHINOS PENDEK  HITAM,Import Excel 2026
MG-2604-BH0079,2026-07-16 00:00:00,KELUAR_PRODUKSI,1082.4,2368.9,1286.5,SO-MG260239,Warna: HITAM | Style: ANGKLEPANTS HITAM,Import Excel 2026
MG-2604-BH0079,2026-07-16 00:00:00,KELUAR_PRODUKSI,1286.5,1286.5,0.0,SO-MG260235,Warna: HITAM | Style: LOOSE CARGO HITAM,Import Excel 2026
MG-2604-BH0080,2026-07-07 00:00:00,MASUK,1667.0,0.0,1667.0,-,Warna: ARMY,Import Excel 2026
MG-2604-BH0080,2026-07-16 00:00:00,KELUAR_PRODUKSI,501.8,1667.0,1165.2,SO-MG260227,Warna: ARMY | Style: CHINOS PANJANG ARMY,Import Excel 2026
MG-2604-BH0080,2026-07-16 00:00:00,KELUAR_PRODUKSI,256.0,1165.2,909.2,SO-MG260216,Warna: ARMY | Style: CHINOS PENDEK ARMY,Import Excel 2026
MG-2604-BH0080,2026-07-16 00:00:00,KELUAR_PRODUKSI,354.2,909.2,555.0,SO-MG260240,Warna: ARMY | Style: ANGKLEPANTS ARMY,Import Excel 2026
MG-2604-BH0080,2026-07-16 00:00:00,KELUAR_PRODUKSI,555.0,555.0,0.0,SO-MG260236,Warna: ARMY | Style: LOOSE CARGO ARMY,Import Excel 2026
MG-2604-BH0081,2026-07-07 00:00:00,MASUK,1999.0,0.0,1999.0,-,Warna: KREM,Import Excel 2026
MG-2604-BH0081,2026-07-16 00:00:00,KELUAR_PRODUKSI,647.16,1999.0,1351.84,SO-MG260229,Warna: CREAM | Style: CHINOS PANJANG CREAM,Import Excel 2026
MG-2604-BH0081,2026-07-16 00:00:00,KELUAR_PRODUKSI,306.24,1351.84,1045.6,SO-MG260218,Warna: CREAM | Style: CHINOS PENDEK  CREAM,Import Excel 2026
MG-2604-BH0081,2026-07-16 00:00:00,KELUAR_PRODUKSI,444.0,1045.6,601.6,SO-MG260242,Warna: CREAM | Style: ANGKLEPANTS CREAM,Import Excel 2026
MG-2604-BH0081,2026-07-16 00:00:00,KELUAR_PRODUKSI,601.6,601.6,0.0,SO-MG260238,Warna: CREAM | Style: LOOSE CARGO CREAM,Import Excel 2026
MG-2604-BH0082,2026-07-07 00:00:00,MASUK,1404.0,0.0,1404.0,-,Warna: ABU,Import Excel 2026
MG-2604-BH0082,2026-07-16 00:00:00,KELUAR_PRODUKSI,485.8,1404.0,918.2,SO-MG260228,Warna: ABU | Style: CHINOS PANJANG ABU,Import Excel 2026
MG-2604-BH0082,2026-07-16 00:00:00,KELUAR_PRODUKSI,243.2,918.2,675.0,SO-MG260217,Warna: ABU | Style: CHINOS PENDEK ABU,Import Excel 2026
MG-2604-BH0082,2026-07-16 00:00:00,KELUAR_PRODUKSI,300.0,675.0,375.0,SO-MG260241,Warna: ABU | Style: ANGKLEPANTS ABU,Import Excel 2026
MG-2604-BH0082,2026-07-16 00:00:00,KELUAR_PRODUKSI,375.0,375.0,0.0,SO-MG260237,Warna: ABU | Style: LOOSE CARGO ABU,Import Excel 2026
MG-2604-BH0083,2026-07-04 00:00:00,MASUK,630.0,0.0,630.0,-,Warna: MERAH,Import Excel 2026
MG-2604-BH0083,2026-07-07 00:00:00,KELUAR_PRODUKSI,540.0,630.0,90.0,SO-MG260210,Warna: MERAH | Style: IQOS SHIRT MERAH,Import Excel 2026
MG-2604-BH0083,2026-08-12 00:00:00,KELUAR_PRODUKSI,90.0,90.0,0.0,-,Warna: MERAH | RETUR,Import Excel 2026
MG-2604-BH0084,2026-07-08 00:00:00,MASUK,50.0,0.0,50.0,-,Warna: HITAM,Import Excel 2026
MG-2604-BH0084,2026-07-08 00:00:00,KELUAR_PRODUKSI,10.5,50.0,39.5,SO-MG260194,Warna: HITAM | Style: RENOIR#1,Import Excel 2026
MG-2604-BH0084,2026-07-08 00:00:00,KELUAR_PRODUKSI,26.5,39.5,13.0,SO-MG260159,Warna: HITAM | Style: TRACKTOP JACKET,Import Excel 2026
MG-2604-BH0084,2026-08-12 00:00:00,KELUAR_PRODUKSI,13.0,13.0,0.0,SO-MG260245,Warna: PUTIH | Style: CARPENTER,Import Excel 2026
MG-2604-BH0085,2026-07-09 00:00:00,MASUK,667.54,0.0,667.54,-,Warna: GREY,Import Excel 2026
MG-2604-BH0085,2026-07-09 00:00:00,MASUK,1546.09,667.54,2213.63,-,Warna: GREY,Import Excel 2026
MG-2604-BH0086,2026-07-09 00:00:00,MASUK,2251.54,0.0,2251.54,-,Warna: ABU,Import Excel 2026
MG-2604-BH0087,2026-07-09 00:00:00,MASUK,42.0,0.0,42.0,-,Warna: HTM,Import Excel 2026
MG-2604-BH0087,2026-07-31 00:00:00,KELUAR_PRODUKSI,42.0,42.0,0.0,SO-MG260159,Warna: PUTIH | Style: TRACKTOP JACKET,Import Excel 2026
MG-2604-BH0088,2026-07-14 00:00:00,MASUK,1680.0,0.0,1680.0,-,Warna: PTH,Import Excel 2026
MG-2604-BH0088,2026-07-16 00:00:00,KELUAR_PRODUKSI,480.0,1680.0,1200.0,SO-MG260226,Warna: putih | Style: CHINOS PANJANG  HITAM,Import Excel 2026
MG-2604-BH0088,2026-07-16 00:00:00,KELUAR_PRODUKSI,360.0,1200.0,840.0,SO-MG260215,Warna: putih | Style: CHINOS PENDEK  HITAM,Import Excel 2026
MG-2604-BH0088,2026-07-16 00:00:00,KELUAR_PRODUKSI,480.0,840.0,360.0,SO-MG260240,Warna: putih | Style: ANGKLEPANTS ARMY,Import Excel 2026
MG-2604-BH0088,2026-07-16 00:00:00,KELUAR_PRODUKSI,120.0,360.0,240.0,SO-MG260236,Warna: putih | Style: LOOSE CARGO ARMY,Import Excel 2026
MG-2604-BH0088,2026-08-12 00:00:00,KELUAR_PRODUKSI,240.0,240.0,0.0,SO-MG260275,Warna: PUTIH | Style: DECOTTON 1.661 HITAM | 5 STYLE,Import Excel 2026
MG-2604-BH0089,2026-07-28 00:00:00,MASUK,400.0,0.0,400.0,-,Warna: SALUR,Import Excel 2026
MG-2604-BH0089,2026-07-31 00:00:00,KELUAR_PRODUKSI,400.0,400.0,0.0,SO-MG260263,Warna: SALUR | Style: KEMEJA SALUR BASIC,Import Excel 2026
MG-2604-BH0090,2026-07-25 00:00:00,MASUK,69.75,0.0,69.75,-,Warna: NAVY,Import Excel 2026
MG-2604-BH0090,2026-07-25 00:00:00,MASUK,69.35,69.75,139.1,-,Warna: MISTY,Import Excel 2026
MG-2604-BH0090,2026-07-31 00:00:00,KELUAR_PRODUKSI,69.75,139.1,69.35,SO-MG260261,Warna: NAVY | Style: THERMA#2,Import Excel 2026
MG-2604-BH0090,2026-07-31 00:00:00,KELUAR_PRODUKSI,69.35,69.35,0.0,SO-MG260262,Warna: MISTY | Style: THERMA#4,Import Excel 2026
MG-2604-BH0091,2026-07-30 00:00:00,MASUK,1873.64,0.0,1873.64,-,Warna: PUTIH,Import Excel 2026
MG-2604-BH0091,2026-07-31 00:00:00,KELUAR_PRODUKSI,481.71,1873.64,1391.93,SO-MG260257,Warna: PUTIH | Style: BIVO MEN PANTS FABRIC KHAKY,Import Excel 2026
MG-2604-BH0091,2026-07-31 00:00:00,KELUAR_PRODUKSI,481.71,1391.93,910.22,SO-MG260260,Warna: PUTIH | Style: BIVO MEN PANTS FABRIC WHEAT,Import Excel 2026
MG-2604-BH0091,2026-08-10 00:00:00,KELUAR_PRODUKSI,227.56,910.22,682.66,SO-MG260257,Warna: PUTIH | Style: BIVO MEN PANTS FABRIC KHAKY,Import Excel 2026
MG-2604-BH0091,2026-08-10 00:00:00,KELUAR_PRODUKSI,227.56,682.66,455.1,SO-MG260258,Warna: PUTIH | Style: BIVO MEN PANTS FABRIC OLIVE,Import Excel 2026
MG-2604-BH0091,2026-08-10 00:00:00,KELUAR_PRODUKSI,227.56,455.1,227.54,SO-MG260259,Warna: PUTIH | Style: BIVO MEN PANTS FABRIC DARK GREY,Import Excel 2026
MG-2604-BH0091,2026-08-10 00:00:00,KELUAR_PRODUKSI,227.56,227.54,-0.02,SO-MG260260,Warna: PUTIH | Style: BIVO MEN PANTS FABRIC WHEAT,Import Excel 2026
MG-2604-BH0092,2026-07-30 00:00:00,MASUK,101.66,0.0,101.66,-,Warna: PUTIH,Import Excel 2026
MG-2604-BH0092,2026-07-30 00:00:00,KELUAR_PRODUKSI,101.66,101.66,0.0,SO-MG260184,Warna: PUTIH | Style: BERTOLT MEN PANTS FABRIC,Import Excel 2026
MG-2604-BH0093,2026-08-01 00:00:00,MASUK,941.1,0.0,941.1,-,Warna: 5 WRNA,Import Excel 2026
MG-2604-BH0093,2026-08-08 00:00:00,KELUAR_PRODUKSI,100.0,941.1,841.1,SO-MG260267,Warna: HITAM | Style: CALDER#1 HITAM,Import Excel 2026
MG-2604-BH0093,2026-08-08 00:00:00,KELUAR_PRODUKSI,99.0,841.1,742.1,SO-MG260269,Warna: COFFE | Style: CALDER#3 COFFE,Import Excel 2026
MG-2604-BH0093,2026-08-08 00:00:00,KELUAR_PRODUKSI,94.0,742.1,648.1,SO-MG260270,Warna: MOCCA | Style: CALDER#4 MOCCA,Import Excel 2026
MG-2604-BH0093,2026-08-08 00:00:00,KELUAR_PRODUKSI,100.0,648.1,548.1,SO-MG260271,Warna: ABU TUA | Style: CALDER#5 ABU TUA,Import Excel 2026
MG-2604-BH0093,2026-08-08 00:00:00,KELUAR_PRODUKSI,81.4,548.1,466.7,SO-MG260272,Warna: TAUFE | Style: CALDER#6 TAUFE,Import Excel 2026
MG-2604-BH0093,2026-08-12 00:00:00,KELUAR_PRODUKSI,98.0,466.7,368.7,SO-MG260280,Warna: HITAM | Style: DECOTON 1.655 RELAXED  HITAM,Import Excel 2026
MG-2604-BH0093,2026-08-12 00:00:00,KELUAR_PRODUKSI,99.0,368.7,269.7,SO-MG260281,Warna: COFFE | Style: DECOTON 1.656 RELAXED  COFFE,Import Excel 2026
MG-2604-BH0093,2026-08-12 00:00:00,KELUAR_PRODUKSI,96.0,269.7,173.7,SO-MG260282,Warna: ABU TUA | Style: DECOTON 1.657 RELAXED  ABU TUA,Import Excel 2026
MG-2604-BH0093,2026-08-12 00:00:00,KELUAR_PRODUKSI,97.0,173.7,76.7,SO-MG260284,Warna: MOCCA | Style: DECOTON 1.659 RELAXED  MOCCA,Import Excel 2026
MG-2604-BH0093,2026-08-12 00:00:00,KELUAR_PRODUKSI,76.7,76.7,0.0,SO-MG260285,Warna: TAUFE | Style: DECOTON 1.660 RELAXED TAUFE,Import Excel 2026
MG-2604-BH0094,2026-08-01 00:00:00,MASUK,2047.0,0.0,2047.0,-,Warna: 5 WRNA,Import Excel 2026
MG-2604-BH0094,2026-08-08 00:00:00,KELUAR_PRODUKSI,471.9,2047.0,1575.1,SO-MG260275,Warna: HITAM | Style: DECOTTON 1.661 HITAM,Import Excel 2026
MG-2604-BH0094,2026-08-08 00:00:00,KELUAR_PRODUKSI,474.4,1575.1,1100.7,SO-MG260276,Warna: DK.GREY | Style: DECOTTON 1.662 DK.GREY,Import Excel 2026
MG-2604-BH0094,2026-08-08 00:00:00,KELUAR_PRODUKSI,455.4,1100.7,645.3,SO-MG260277,Warna: MOCCA | Style: DECOTTON 1.663 MOCCA,Import Excel 2026
MG-2604-BH0094,2026-08-08 00:00:00,KELUAR_PRODUKSI,437.0,645.3,208.3,SO-MG260278,Warna: KHAKY | Style: DECOTTON 1.664 KHAKY,Import Excel 2026
MG-2604-BH0094,2026-08-08 00:00:00,KELUAR_PRODUKSI,208.3,208.3,0.0,SO-MG260279,Warna: LT.GREY | Style: DECOTTON 1.665 LT.GREY,Import Excel 2026
MG-2604-BH0095,2026-08-03 00:00:00,MASUK,162.6,0.0,162.6,-,Warna: ARMY,Import Excel 2026
MG-2604-BH0095,2026-08-08 00:00:00,KELUAR_PRODUKSI,81.5,162.6,81.1,SO-MG260268,Warna: ARMY | Style: CALDER#2 ARMY,Import Excel 2026
MG-2604-BH0095,2026-08-12 00:00:00,KELUAR_PRODUKSI,81.1,81.1,0.0,SO-MG260283,Warna: ARMY | Style: DECOTON 1.658 RELAXED ARMY,Import Excel 2026
MG-2604-BH0096,2026-08-05 00:00:00,MASUK,232.0,0.0,232.0,-,Warna: MOCHIT,Import Excel 2026
MG-2604-BH0096,2026-08-08 00:00:00,KELUAR_PRODUKSI,116.0,232.0,116.0,SO-MG260273,Warna: HITAM | Style: ENTDECKEN#1 HITAM,Import Excel 2026
MG-2604-BH0096,2026-08-08 00:00:00,KELUAR_PRODUKSI,116.0,116.0,0.0,SO-MG260274,Warna: MOCCA | Style: ENTDECKEN#3 MOCA,Import Excel 2026
MG-2604-BH0097,2026-08-05 00:00:00,MASUK,1000.0,0.0,1000.0,-,Warna: HITAM,Import Excel 2026
MG-2604-BH0097,2026-08-08 00:00:00,KELUAR_PRODUKSI,3.0,1000.0,997.0,SO-MG260245,Warna: HITAM | Style: CARPENTER,Import Excel 2026
MG-2604-BH0097,2026-08-08 00:00:00,KELUAR_PRODUKSI,3.0,997.0,994.0,SO-MG260246,Warna: HITAM | Style: WORK JACKET,Import Excel 2026
MG-2604-BH0097,2026-08-08 00:00:00,KELUAR_PRODUKSI,25.83,994.0,968.17,SO-MG260267,Warna: HITAM | Style: CALDER#1 HITAM,Import Excel 2026
MG-2604-BH0097,2026-08-08 00:00:00,KELUAR_PRODUKSI,25.83,968.17,942.34,SO-MG260268,Warna: HITAM | Style: CALDER#2 ARMY,Import Excel 2026
MG-2604-BH0097,2026-08-08 00:00:00,KELUAR_PRODUKSI,25.83,942.34,916.51,SO-MG260269,Warna: HITAM | Style: CALDER#3 COFFE,Import Excel 2026
MG-2604-BH0097,2026-08-08 00:00:00,KELUAR_PRODUKSI,25.83,916.51,890.68,SO-MG260270,Warna: HITAM | Style: CALDER#4 MOCCA,Import Excel 2026
MG-2604-BH0097,2026-08-08 00:00:00,KELUAR_PRODUKSI,25.83,890.68,864.85,SO-MG260271,Warna: HITAM | Style: CALDER#5 ABU TUA,Import Excel 2026
MG-2604-BH0097,2026-08-08 00:00:00,KELUAR_PRODUKSI,25.83,864.85,839.02,SO-MG260272,Warna: HITAM | Style: CALDER#6 TAUFE,Import Excel 2026
MG-2604-BH0097,2026-08-10 00:00:00,KELUAR_PRODUKSI,46.33,839.02,792.69,SO-MG260207,Warna: HITAM | Style: APSTA#1 CREAM,Import Excel 2026
MG-2604-BH0097,2026-08-10 00:00:00,KELUAR_PRODUKSI,46.33,792.69,746.36,SO-MG260208,Warna: HITAM | Style: APSTA#2 OLIVE,Import Excel 2026
MG-2604-BH0097,2026-08-10 00:00:00,KELUAR_PRODUKSI,46.33,746.36,700.03,SO-MG260209,Warna: HITAM | Style: APSTA#3 BROKEN WHITE,Import Excel 2026
MG-2604-BH0098,2026-08-05 00:00:00,MASUK,693.0,0.0,693.0,-,Warna: BLUE,Import Excel 2026
MG-2604-BH0098,2026-08-10 00:00:00,KELUAR_PRODUKSI,693.0,693.0,0.0,SO-MG260006,Warna: NAVY | Style: WIND MILD BLUE,Import Excel 2026
MG-2604-BH0099,2026-08-08 00:00:00,MASUK,855.0,0.0,855.0,-,Warna: 6 WRNA,Import Excel 2026
MG-2604-BH0099,2026-08-11 00:00:00,KELUAR_PRODUKSI,95.0,855.0,760.0,SO-MG260248,Warna: SAGE GREEN | Style: SHLS SARIS SAGE GREEN,Import Excel 2026
MG-2604-BH0099,2026-08-11 00:00:00,KELUAR_PRODUKSI,95.0,760.0,665.0,SO-MG260249,Warna: SKY | Style: SHLS SARIS POWDE R BLUE,Import Excel 2026
MG-2604-BH0099,2026-08-11 00:00:00,KELUAR_PRODUKSI,190.0,665.0,475.0,SO-MG260250,Warna: CHATIME | Style: SHLS SARIS CREAM,Import Excel 2026
MG-2604-BH0099,2026-08-11 00:00:00,KELUAR_PRODUKSI,95.0,475.0,380.0,SO-MG260251,Warna: PALM SUGAR | Style: SHLS SARIS TAUPE,Import Excel 2026
MG-2604-BH0099,2026-08-11 00:00:00,KELUAR_PRODUKSI,190.0,380.0,190.0,SO-MG260252,Warna: JEANS | Style: SHLS SARIS BLUE,Import Excel 2026
MG-2604-BH0099,2026-08-11 00:00:00,KELUAR_PRODUKSI,190.0,190.0,0.0,SO-MG260253,Warna: SNOW | Style: SHLS SARIS PUTIH,Import Excel 2026
MG-2604-BH0100,2026-08-11 00:00:00,MASUK,500.0,0.0,500.0,-,Warna: PUTIH,Import Excel 2026
MG-2604-BH0100,2026-08-18 00:00:00,KELUAR_PRODUKSI,100.0,500.0,400.0,SO-MG260284,Warna: PUTIH | Style: DECOTON 1.659 RELAXED  MOCCA,Import Excel 2026
MG-2604-BH0100,2026-08-18 00:00:00,KELUAR_PRODUKSI,100.0,400.0,300.0,SO-MG260274,Warna: PUTIH | Style: ENTDECKEN#3 MOCA,Import Excel 2026
MG-2604-BH0100,2026-08-18 00:00:00,KELUAR_PRODUKSI,100.0,300.0,200.0,SO-MG260287,Warna: PUTIH | Style: DENIMES 2.57 BLUE,Import Excel 2026
MG-2604-BH0100,2026-08-18 00:00:00,KELUAR_PRODUKSI,100.0,200.0,100.0,SO-MG260288,Warna: PUTIH | Style: DENIMES 2.58 T. ASIN,Import Excel 2026
MG-2604-BH0101,2026-08-11 00:00:00,MASUK,1243.0,0.0,1243.0,-,Warna: PUTIH,Import Excel 2026
MG-2604-BH0101,2026-08-12 00:00:00,KELUAR_PRODUKSI,1243.0,1243.0,0.0,SO-MG260266,Warna: PUTIH | Style: HAKKA SHIRT WHITE | RETUR,Import Excel 2026
MG-2604-BH0102,2026-08-11 00:00:00,MASUK,945.0,0.0,945.0,-,Warna: DENIM,Import Excel 2026
MG-2604-BH0103,2026-08-13 00:00:00,MASUK,52.15,0.0,52.15,-,Warna: HITAM,Import Excel 2026
MG-2604-BH0103,2026-08-18 00:00:00,KELUAR_PRODUKSI,40.25,52.15,11.9,-,,Import Excel 2026
MG-2604-BH0104,2026-07-08 00:00:00,MASUK,432.0,0.0,432.0,-,Warna: PTH,Import Excel 2026
MG-2604-BH0104,2026-07-18 00:00:00,KELUAR_PRODUKSI,243.0,432.0,189.0,SO-MG260211,Warna: PUTIH | Style: KEMEJA TOYOBO TANPA SAKU HTM,Import Excel 2026
MG-2604-BH0104,2026-07-18 00:00:00,KELUAR_PRODUKSI,189.0,189.0,0.0,SO-MG260213,Warna: PUTIH | Style: KEMEJA TOYOBO ADA SAKU HTM,Import Excel 2026
MG-2604-BH0105,2026-07-08 00:00:00,MASUK,1093.0,0.0,1093.0,-,Warna: PTH,Import Excel 2026
MG-2604-BH0105,2026-07-18 00:00:00,KELUAR_PRODUKSI,626.0,1093.0,467.0,SO-MG260212,Warna: PUTIH | Style: KEMEJA TOYOBO TANPA SAKU PUTIH,Import Excel 2026
MG-2604-BH0105,2026-07-18 00:00:00,KELUAR_PRODUKSI,467.0,467.0,0.0,SO-MG260214,Warna: PUTIH | Style: KEMEJA TOYOBO ADA SAKU PTH,Import Excel 2026
MG-2604-BH0106,2026-07-17 00:00:00,MASUK,270.0,0.0,270.0,-,Warna: BLUE,Import Excel 2026
MG-2604-BH0106,2026-07-18 00:00:00,KELUAR_PRODUKSI,204.0,270.0,66.0,SO-MG260161,Warna: BLUE | Style: DENIMES 1.466,Import Excel 2026
MG-2604-BH0106,2026-07-18 00:00:00,KELUAR_PRODUKSI,66.0,66.0,0.0,SO-MG260244,Warna: BLUE | Style: DENIMES 1.465,Import Excel 2026
MG-2604-BH0107,2026-07-17 00:00:00,MASUK,134.0,0.0,134.0,-,Warna: BLUE,Import Excel 2026
MG-2604-BH0107,2026-07-18 00:00:00,KELUAR_PRODUKSI,134.0,134.0,0.0,SO-MG260243,Warna: BLUE | Style: DENIMES 1.462,Import Excel 2026
MG-2604-BH0108,2026-07-18 00:00:00,MASUK,400.84,0.0,400.84,-,Warna: LORENG,Import Excel 2026
MG-2604-BH0108,2026-07-18 00:00:00,KELUAR_PRODUKSI,240.0,400.84,160.84,SO-MG260245,Warna: LORENG | Style: CARPENTER,Import Excel 2026
MG-2604-BH0108,2026-07-18 00:00:00,KELUAR_PRODUKSI,160.84,160.84,0.0,SO-MG260246,Warna: LORENG | Style: WORK JACKET,Import Excel 2026
MG-2604-BH0109,2026-07-18 00:00:00,MASUK,1697.0,0.0,1697.0,-,Warna: LORENG,Import Excel 2026
MG-2604-BH0109,2026-07-22 00:00:00,KELUAR_PRODUKSI,117.6,1697.0,1579.4,SO-MG260219,Warna: HITAM | Style: SHSS DARIS HITAM,Import Excel 2026
MG-2604-BH0109,2026-07-22 00:00:00,KELUAR_PRODUKSI,190.6,1579.4,1388.8,SO-MG260220,Warna: SAGE GREEN | Style: SHSS DARIS SAGE GREEN,Import Excel 2026
MG-2604-BH0109,2026-07-22 00:00:00,KELUAR_PRODUKSI,202.4,1388.8,1186.4,SO-MG260221,Warna: POWDER BLUE | Style: SHSS DARIS POWDER BLUE,Import Excel 2026
MG-2604-BH0109,2026-07-22 00:00:00,KELUAR_PRODUKSI,198.0,1186.4,988.4,SO-MG260222,Warna: CREAM | Style: SHSS DARIS CREAM,Import Excel 2026
MG-2604-BH0109,2026-07-22 00:00:00,KELUAR_PRODUKSI,202.6,988.4,785.8,SO-MG260223,Warna: TAUPE | Style: SHSS DARIS TAUPE,Import Excel 2026
MG-2604-BH0109,2026-07-22 00:00:00,KELUAR_PRODUKSI,110.0,785.8,675.8,SO-MG260224,Warna: BLUE | Style: SHSS DARIS BLUE,Import Excel 2026
MG-2604-BH0109,2026-07-22 00:00:00,KELUAR_PRODUKSI,108.2,675.8,567.6,SO-MG260225,Warna: WHITE | Style: SHSS DARIS WHITE,Import Excel 2026
MG-2604-BH0109,2026-07-22 00:00:00,KELUAR_PRODUKSI,72.4,567.6,495.2,SO-MG260247,Warna: HITAM | Style: SHLS SARIS HITAM,Import Excel 2026
MG-2604-BH0109,2026-07-22 00:00:00,KELUAR_PRODUKSI,94.4,495.2,400.8,SO-MG260248,Warna: SAGE GREEN | Style: SHLS SARIS SAGE GREEN,Import Excel 2026
MG-2604-BH0109,2026-07-22 00:00:00,KELUAR_PRODUKSI,69.6,400.8,331.2,SO-MG260249,Warna: POWDER BLUE | Style: SHLS SARIS POWDE R BLUE,Import Excel 2026
MG-2604-BH0109,2026-07-22 00:00:00,KELUAR_PRODUKSI,87.0,331.2,244.2,SO-MG260250,Warna: CREAM | Style: SHLS SARIS CREAM,Import Excel 2026
MG-2604-BH0109,2026-07-22 00:00:00,KELUAR_PRODUKSI,82.4,244.2,161.8,SO-MG260251,Warna: TAUPE | Style: SHLS SARIS TAUPE,Import Excel 2026
MG-2604-BH0109,2026-07-22 00:00:00,KELUAR_PRODUKSI,80.0,161.8,81.8,SO-MG260252,Warna: BLUE | Style: SHLS SARIS BLUE,Import Excel 2026
MG-2604-BH0109,2026-07-22 00:00:00,KELUAR_PRODUKSI,81.8,81.8,0.0,SO-MG260253,Warna: WHITE | Style: SHLS SARIS PUTIH,Import Excel 2026
MG-2604-BH0110,2026-07-22 00:00:00,MASUK,437.0,0.0,437.0,-,Warna: BLUE,Import Excel 2026
MG-2604-BH0110,2026-07-22 00:00:00,KELUAR_PRODUKSI,218.5,437.0,218.5,SO-MG260254,Warna: BLUE | Style: DENIMES 1.463,Import Excel 2026
MG-2604-BH0110,2026-07-22 00:00:00,KELUAR_PRODUKSI,218.5,218.5,0.0,SO-MG260255,Warna: BLUE | Style: DENIMES 1.464,Import Excel 2026
MG-2604-BH0111,2026-08-13 00:00:00,MASUK,1621.5,0.0,1621.5,-,Warna: BLUE,Import Excel 2026
MG-2604-BH0111,2026-08-18 00:00:00,KELUAR_PRODUKSI,543.0,1621.5,1078.5,SO-MG260287,Warna: BLUE | Style: DENIMES 2.57 BLUE,Import Excel 2026
MG-2604-BH0111,2026-08-18 00:00:00,KELUAR_PRODUKSI,429.5,1078.5,649.0,SO-MG260288,Warna: BLUE | Style: DENIMES 2.58 T. ASIN,Import Excel 2026
MG-2604-BH0111,2026-08-18 00:00:00,KELUAR_PRODUKSI,296.0,649.0,353.0,SO-MG260289,Warna: BLUE | Style: DENIMES 2.59 T.ASN,Import Excel 2026
MG-2604-BH0111,2026-08-18 00:00:00,KELUAR_PRODUKSI,54.0,353.0,299.0,SO-MG260290,Warna: BLUE | Style: DENIMES 1.408 MINBLUE,Import Excel 2026
MG-2604-BH0111,2026-08-18 00:00:00,KELUAR_PRODUKSI,299.0,299.0,0.0,SO-MG260291,Warna: BLUE | Style: DENIMES 1.408 BOYFRIEND,Import Excel 2026
MG-2604-BH0112,2026-08-13 00:00:00,MASUK,349.0,0.0,349.0,-,Warna: BLACK,Import Excel 2026
MG-2604-BH0112,2026-08-18 00:00:00,KELUAR_PRODUKSI,349.0,349.0,0.0,SO-MG260286,Warna: BLACK | Style: DENIMES 2.55 BLACK,Import Excel 2026
MG-2604-BH0113,2026-08-13 00:00:00,MASUK,110.0,0.0,110.0,-,Warna: GREY,Import Excel 2026
MG-2604-BH0113,2026-08-18 00:00:00,KELUAR_PRODUKSI,110.0,110.0,0.0,SO-MG260292,Warna: BLACK | Style: DENIMES 1.408 BLACK,Import Excel 2026
MG-2604-BH0114,2026-08-18 00:00:00,MASUK,1599.0,0.0,1599.0,-,Warna: 6 WRNA,Import Excel 2026
MG-2604-BH0114,2026-08-21 00:00:00,KELUAR_PRODUKSI,157.0,1599.0,1442.0,SO-MG260307,Warna: HITAM | Style: NORVIK FL#1 HITAM,Import Excel 2026
MG-2604-BH0114,2026-08-21 00:00:00,KELUAR_PRODUKSI,116.0,1442.0,1326.0,SO-MG260308,Warna: NAVY | Style: NORVIK FL#2 NAVY,Import Excel 2026
MG-2604-BH0114,2026-08-21 00:00:00,KELUAR_PRODUKSI,129.0,1326.0,1197.0,SO-MG260309,Warna: DRAK BROWN | Style: NORVIK FL#3 DRAK BROWN,Import Excel 2026
MG-2604-BH0114,2026-08-21 00:00:00,KELUAR_PRODUKSI,129.0,1197.0,1068.0,SO-MG260310,Warna: GREEN | Style: NORVIK FL#4 GREEN,Import Excel 2026
MG-2604-BH0114,2026-08-21 00:00:00,KELUAR_PRODUKSI,140.0,1068.0,928.0,SO-MG260311,Warna: GREY | Style: NORVIK FL#5 GREY,Import Excel 2026
MG-2604-BH0114,2026-08-21 00:00:00,KELUAR_PRODUKSI,122.0,928.0,806.0,SO-MG260312,Warna: OFF WHITE | Style: NORVIK FL#6 OFF WHITE,Import Excel 2026
MG-2604-BH0114,2026-08-21 00:00:00,KELUAR_PRODUKSI,158.0,806.0,648.0,SO-MG260313,Warna: HITAM | Style: FIELDEN FL#1 HITAM,Import Excel 2026
MG-2604-BH0114,2026-08-21 00:00:00,KELUAR_PRODUKSI,116.0,648.0,532.0,SO-MG260314,Warna: NAVY | Style: FIELDEN FL#2 NAVY,Import Excel 2026
MG-2604-BH0114,2026-08-21 00:00:00,KELUAR_PRODUKSI,129.0,532.0,403.0,SO-MG260315,Warna: DRAK BROWN | Style: FIELDEN FL#3 DRAK BROWN,Import Excel 2026
MG-2604-BH0114,2026-08-21 00:00:00,KELUAR_PRODUKSI,129.0,403.0,274.0,SO-MG260316,Warna: GREEN | Style: FIELDEN FL#4 GREEN,Import Excel 2026
MG-2604-BH0114,2026-08-21 00:00:00,KELUAR_PRODUKSI,151.0,274.0,123.0,SO-MG260317,Warna: GREY | Style: FIELDEN FL#5 GREY,Import Excel 2026
MG-2604-BH0114,2026-08-21 00:00:00,KELUAR_PRODUKSI,123.0,123.0,0.0,SO-MG260318,Warna: OFF WHITE | Style: FIELDEN FL#6 OFF WHITE,Import Excel 2026
MG-2604-BH0115,2026-08-18 00:00:00,MASUK,1156.5,0.0,1156.5,-,Warna: 10 WRNA,Import Excel 2026
MG-2604-BH0115,2026-08-22 00:00:00,KELUAR_PRODUKSI,129.0,1156.5,1027.5,SO-MG260297,Style: AVALANCHE FL NAVY YELLOW,Import Excel 2026
MG-2604-BH0115,2026-08-22 00:00:00,KELUAR_PRODUKSI,102.0,1027.5,925.5,SO-MG260298,Style: BRENNER FL NAVY GREY,Import Excel 2026
MG-2604-BH0115,2026-08-22 00:00:00,KELUAR_PRODUKSI,90.0,925.5,835.5,SO-MG260299,Style: CRESTON FL BLACK GREY,Import Excel 2026
MG-2604-BH0115,2026-08-22 00:00:00,KELUAR_PRODUKSI,133.0,835.5,702.5,SO-MG260300,Style: GRAVEN FL BLACK WHITE,Import Excel 2026
MG-2604-BH0115,2026-08-22 00:00:00,KELUAR_PRODUKSI,130.0,702.5,572.5,SO-MG260301,Style: KARSEN FL NAVY GREEN,Import Excel 2026
MG-2604-BH0115,2026-08-22 00:00:00,KELUAR_PRODUKSI,126.0,572.5,446.5,SO-MG260302,Style: MOLVER FL BLACK WHITE,Import Excel 2026
MG-2604-BH0115,2026-08-22 00:00:00,KELUAR_PRODUKSI,124.0,446.5,322.5,SO-MG260303,Style: NORVEN FL BLACK OFF WHITE,Import Excel 2026
MG-2604-BH0115,2026-08-22 00:00:00,KELUAR_PRODUKSI,126.0,322.5,196.5,SO-MG260304,Style: PLAIDEN FL NAVY GREY,Import Excel 2026
MG-2604-BH0115,2026-08-22 00:00:00,KELUAR_PRODUKSI,118.0,196.5,78.5,SO-MG260305,Style: STELLAN FL BLACK GREY,Import Excel 2026
MG-2604-BH0115,2026-08-22 00:00:00,KELUAR_PRODUKSI,78.5,78.5,0.0,SO-MG260306,Style: TORVEN FL BLACK RED GREY,Import Excel 2026
MG-2604-BH0116,2026-08-18 00:00:00,MASUK,1100.0,0.0,1100.0,-,Warna: 3 WRNA,Import Excel 2026
MG-2604-BH0116,2026-08-20 00:00:00,KELUAR_PRODUKSI,400.0,1100.0,700.0,SO-MG260293,Warna: NAVY | Style: CARLISLE#2 CREM NAVY,Import Excel 2026
MG-2604-BH0116,2026-08-20 00:00:00,KELUAR_PRODUKSI,400.0,700.0,300.0,SO-MG260294,Warna: BLUE | Style: CARLISLE#3 BLUE,Import Excel 2026
MG-2604-BH0116,2026-08-20 00:00:00,KELUAR_PRODUKSI,300.0,300.0,0.0,SO-MG260296,Warna: SAGE | Style: CARLISLE#5 SAGE,Import Excel 2026
MG-2604-BH0117,2026-08-18 00:00:00,MASUK,321.0,0.0,321.0,-,Warna: PUTIH,Import Excel 2026
MG-2604-BH0117,2026-08-22 00:00:00,KELUAR_PRODUKSI,308.1,321.0,12.9,SO-MG260257,Style: BIVO MEN PANTS FABRIC KHAKY,Import Excel 2026
MG-2604-BH0118,2026-08-13 00:00:00,MASUK,838.0,0.0,838.0,-,Warna: PUTIH,Import Excel 2026
MG-2604-BH0119,2026-08-18 00:00:00,MASUK,136.0,0.0,136.0,-,Warna: BLUE,Import Excel 2026
MG-2604-BH0120,2026-08-18 00:00:00,MASUK,356.0,0.0,356.0,-,Warna: BLUE,Import Excel 2026
MG-2604-BH0121,2026-08-26 00:00:00,MASUK,1035.0,0.0,1035.0,-,Warna: BLACK,Import Excel 2026
MG-2604-BH0122,2026-08-27 00:00:00,MASUK,1671.0,0.0,1671.0,-,Warna: BLUE-BLACK,Import Excel 2026
MG-2604-BH0123,2026-08-27 00:00:00,MASUK,193.0,0.0,193.0,-,Warna: NAVY-BLACK,Import Excel 2026
MG-2604-BH0124,2026-08-27 00:00:00,MASUK,2005.0,0.0,2005.0,-,Warna: BLUE,Import Excel 2026
